-- MySQL dump 10.13  Distrib 8.0.16, for macos10.14 (x86_64)
--
-- Host: localhost    Database: db_lifeHack
-- ------------------------------------------------------
-- Server version	5.7.27

/*!40101 SET @OLD_CHARACTER_SET_CLIENT=@@CHARACTER_SET_CLIENT */;
/*!40101 SET @OLD_CHARACTER_SET_RESULTS=@@CHARACTER_SET_RESULTS */;
/*!40101 SET @OLD_COLLATION_CONNECTION=@@COLLATION_CONNECTION */;
 SET NAMES utf8 ;
/*!40103 SET @OLD_TIME_ZONE=@@TIME_ZONE */;
/*!40103 SET TIME_ZONE='+00:00' */;
/*!40014 SET @OLD_UNIQUE_CHECKS=@@UNIQUE_CHECKS, UNIQUE_CHECKS=0 */;
/*!40014 SET @OLD_FOREIGN_KEY_CHECKS=@@FOREIGN_KEY_CHECKS, FOREIGN_KEY_CHECKS=0 */;
/*!40101 SET @OLD_SQL_MODE=@@SQL_MODE, SQL_MODE='NO_AUTO_VALUE_ON_ZERO' */;
/*!40111 SET @OLD_SQL_NOTES=@@SQL_NOTES, SQL_NOTES=0 */;

--
-- Table structure for table `auth_group`
--

DROP TABLE IF EXISTS `auth_group`;
/*!40101 SET @saved_cs_client     = @@character_set_client */;
 SET character_set_client = utf8mb4 ;
CREATE TABLE `auth_group` (
  `id` int(11) NOT NULL AUTO_INCREMENT,
  `name` varchar(150) NOT NULL,
  PRIMARY KEY (`id`),
  UNIQUE KEY `name` (`name`)
) ENGINE=InnoDB DEFAULT CHARSET=utf8mb4;
/*!40101 SET character_set_client = @saved_cs_client */;

--
-- Dumping data for table `auth_group`
--

LOCK TABLES `auth_group` WRITE;
/*!40000 ALTER TABLE `auth_group` DISABLE KEYS */;
/*!40000 ALTER TABLE `auth_group` ENABLE KEYS */;
UNLOCK TABLES;

--
-- Table structure for table `auth_group_permissions`
--

DROP TABLE IF EXISTS `auth_group_permissions`;
/*!40101 SET @saved_cs_client     = @@character_set_client */;
 SET character_set_client = utf8mb4 ;
CREATE TABLE `auth_group_permissions` (
  `id` int(11) NOT NULL AUTO_INCREMENT,
  `group_id` int(11) NOT NULL,
  `permission_id` int(11) NOT NULL,
  PRIMARY KEY (`id`),
  UNIQUE KEY `auth_group_permissions_group_id_permission_id_0cd325b0_uniq` (`group_id`,`permission_id`),
  KEY `auth_group_permissio_permission_id_84c5c92e_fk_auth_perm` (`permission_id`),
  CONSTRAINT `auth_group_permissio_permission_id_84c5c92e_fk_auth_perm` FOREIGN KEY (`permission_id`) REFERENCES `auth_permission` (`id`),
  CONSTRAINT `auth_group_permissions_group_id_b120cbf9_fk_auth_group_id` FOREIGN KEY (`group_id`) REFERENCES `auth_group` (`id`)
) ENGINE=InnoDB DEFAULT CHARSET=utf8mb4;
/*!40101 SET character_set_client = @saved_cs_client */;

--
-- Dumping data for table `auth_group_permissions`
--

LOCK TABLES `auth_group_permissions` WRITE;
/*!40000 ALTER TABLE `auth_group_permissions` DISABLE KEYS */;
/*!40000 ALTER TABLE `auth_group_permissions` ENABLE KEYS */;
UNLOCK TABLES;

--
-- Table structure for table `auth_permission`
--

DROP TABLE IF EXISTS `auth_permission`;
/*!40101 SET @saved_cs_client     = @@character_set_client */;
 SET character_set_client = utf8mb4 ;
CREATE TABLE `auth_permission` (
  `id` int(11) NOT NULL AUTO_INCREMENT,
  `name` varchar(255) NOT NULL,
  `content_type_id` int(11) NOT NULL,
  `codename` varchar(100) NOT NULL,
  PRIMARY KEY (`id`),
  UNIQUE KEY `auth_permission_content_type_id_codename_01ab375a_uniq` (`content_type_id`,`codename`),
  CONSTRAINT `auth_permission_content_type_id_2f476e4b_fk_django_co` FOREIGN KEY (`content_type_id`) REFERENCES `django_content_type` (`id`)
) ENGINE=InnoDB AUTO_INCREMENT=85 DEFAULT CHARSET=utf8mb4;
/*!40101 SET character_set_client = @saved_cs_client */;

--
-- Dumping data for table `auth_permission`
--

LOCK TABLES `auth_permission` WRITE;
/*!40000 ALTER TABLE `auth_permission` DISABLE KEYS */;
INSERT INTO `auth_permission` VALUES (1,'Can add log entry',1,'add_logentry'),(2,'Can change log entry',1,'change_logentry'),(3,'Can delete log entry',1,'delete_logentry'),(4,'Can view log entry',1,'view_logentry'),(5,'Can add permission',2,'add_permission'),(6,'Can change permission',2,'change_permission'),(7,'Can delete permission',2,'delete_permission'),(8,'Can view permission',2,'view_permission'),(9,'Can add group',3,'add_group'),(10,'Can change group',3,'change_group'),(11,'Can delete group',3,'delete_group'),(12,'Can view group',3,'view_group'),(13,'Can add content type',4,'add_contenttype'),(14,'Can change content type',4,'change_contenttype'),(15,'Can delete content type',4,'delete_contenttype'),(16,'Can view content type',4,'view_contenttype'),(17,'Can add session',5,'add_session'),(18,'Can change session',5,'change_session'),(19,'Can delete session',5,'delete_session'),(20,'Can view session',5,'view_session'),(21,'Can add Token',6,'add_token'),(22,'Can change Token',6,'change_token'),(23,'Can delete Token',6,'delete_token'),(24,'Can view Token',6,'view_token'),(25,'Can add user',7,'add_lhuser'),(26,'Can change user',7,'change_lhuser'),(27,'Can delete user',7,'delete_lhuser'),(28,'Can view user',7,'view_lhuser'),(29,'Can add character',8,'add_character'),(30,'Can change character',8,'change_character'),(31,'Can delete character',8,'delete_character'),(32,'Can view character',8,'view_character'),(33,'Can add oApplication',9,'add_lifehackoauthapplication'),(34,'Can change oApplication',9,'change_lifehackoauthapplication'),(35,'Can delete oApplication',9,'delete_lifehackoauthapplication'),(36,'Can view oApplication',9,'view_lifehackoauthapplication'),(37,'Can add character image',10,'add_characterimage'),(38,'Can change character image',10,'change_characterimage'),(39,'Can delete character image',10,'delete_characterimage'),(40,'Can view character image',10,'view_characterimage'),(41,'Can add answer',11,'add_answer'),(42,'Can change answer',11,'change_answer'),(43,'Can delete answer',11,'delete_answer'),(44,'Can view answer',11,'view_answer'),(45,'Can add content',12,'add_content'),(46,'Can change content',12,'change_content'),(47,'Can delete content',12,'delete_content'),(48,'Can view content',12,'view_content'),(49,'Can add question',13,'add_question'),(50,'Can change question',13,'change_question'),(51,'Can delete question',13,'delete_question'),(52,'Can view question',13,'view_question'),(53,'Can add story step',14,'add_storystep'),(54,'Can change story step',14,'change_storystep'),(55,'Can delete story step',14,'delete_storystep'),(56,'Can view story step',14,'view_storystep'),(57,'Can add application',15,'add_application'),(58,'Can change application',15,'change_application'),(59,'Can delete application',15,'delete_application'),(60,'Can view application',15,'view_application'),(61,'Can add access token',16,'add_accesstoken'),(62,'Can change access token',16,'change_accesstoken'),(63,'Can delete access token',16,'delete_accesstoken'),(64,'Can view access token',16,'view_accesstoken'),(65,'Can add grant',17,'add_grant'),(66,'Can change grant',17,'change_grant'),(67,'Can delete grant',17,'delete_grant'),(68,'Can view grant',17,'view_grant'),(69,'Can add refresh token',18,'add_refreshtoken'),(70,'Can change refresh token',18,'change_refreshtoken'),(71,'Can delete refresh token',18,'delete_refreshtoken'),(72,'Can view refresh token',18,'view_refreshtoken'),(73,'Can add cors model',19,'add_corsmodel'),(74,'Can change cors model',19,'change_corsmodel'),(75,'Can delete cors model',19,'delete_corsmodel'),(76,'Can view cors model',19,'view_corsmodel'),(77,'Can add story',20,'add_story'),(78,'Can change story',20,'change_story'),(79,'Can delete story',20,'delete_story'),(80,'Can view story',20,'view_story'),(81,'Can add user story',21,'add_userstory'),(82,'Can change user story',21,'change_userstory'),(83,'Can delete user story',21,'delete_userstory'),(84,'Can view user story',21,'view_userstory');
/*!40000 ALTER TABLE `auth_permission` ENABLE KEYS */;
UNLOCK TABLES;

--
-- Table structure for table `authtoken_token`
--

DROP TABLE IF EXISTS `authtoken_token`;
/*!40101 SET @saved_cs_client     = @@character_set_client */;
 SET character_set_client = utf8mb4 ;
CREATE TABLE `authtoken_token` (
  `key` varchar(40) NOT NULL,
  `created` datetime(6) NOT NULL,
  `user_id` int(11) NOT NULL,
  PRIMARY KEY (`key`),
  UNIQUE KEY `user_id` (`user_id`),
  CONSTRAINT `authtoken_token_user_id_35299eff_fk_user_lhuser_id` FOREIGN KEY (`user_id`) REFERENCES `user_lhuser` (`id`)
) ENGINE=InnoDB DEFAULT CHARSET=utf8mb4;
/*!40101 SET character_set_client = @saved_cs_client */;

--
-- Dumping data for table `authtoken_token`
--

LOCK TABLES `authtoken_token` WRITE;
/*!40000 ALTER TABLE `authtoken_token` DISABLE KEYS */;
INSERT INTO `authtoken_token` VALUES ('b7db0b7674603dd2b7bfeeffd5918f19466d0d09','2019-06-26 05:56:45.575338',1);
/*!40000 ALTER TABLE `authtoken_token` ENABLE KEYS */;
UNLOCK TABLES;

--
-- Table structure for table `django_admin_log`
--

DROP TABLE IF EXISTS `django_admin_log`;
/*!40101 SET @saved_cs_client     = @@character_set_client */;
 SET character_set_client = utf8mb4 ;
CREATE TABLE `django_admin_log` (
  `id` int(11) NOT NULL AUTO_INCREMENT,
  `action_time` datetime(6) NOT NULL,
  `object_id` longtext,
  `object_repr` varchar(200) NOT NULL,
  `action_flag` smallint(5) unsigned NOT NULL,
  `change_message` longtext NOT NULL,
  `content_type_id` int(11) DEFAULT NULL,
  `user_id` int(11) NOT NULL,
  PRIMARY KEY (`id`),
  KEY `django_admin_log_content_type_id_c4bce8eb_fk_django_co` (`content_type_id`),
  KEY `django_admin_log_user_id_c564eba6_fk_user_lhuser_id` (`user_id`),
  CONSTRAINT `django_admin_log_content_type_id_c4bce8eb_fk_django_co` FOREIGN KEY (`content_type_id`) REFERENCES `django_content_type` (`id`),
  CONSTRAINT `django_admin_log_user_id_c564eba6_fk_user_lhuser_id` FOREIGN KEY (`user_id`) REFERENCES `user_lhuser` (`id`)
) ENGINE=InnoDB AUTO_INCREMENT=617 DEFAULT CHARSET=utf8mb4;
/*!40101 SET character_set_client = @saved_cs_client */;

--
-- Dumping data for table `django_admin_log`
--

LOCK TABLES `django_admin_log` WRITE;
/*!40000 ALTER TABLE `django_admin_log` DISABLE KEYS */;
INSERT INTO `django_admin_log` VALUES (1,'2019-06-26 05:53:01.194593','3','3OX2Z3ebWlFybRdZTaAoCiIDQWqng3J7y9DairAa',1,'[{\"added\": {}}]',9,1),(2,'2019-06-26 05:56:08.616726','1','bazar',2,'[{\"changed\": {\"fields\": [\"first_name\", \"last_name\", \"device_id\"]}}]',7,1),(3,'2019-06-26 05:56:45.575921','b7db0b7674603dd2b7bfeeffd5918f19466d0d09','b7db0b7674603dd2b7bfeeffd5918f19466d0d09',1,'[{\"added\": {}}]',6,1),(4,'2019-06-26 05:57:14.293854','1','b7db0b7674603dd2b7bfeeffd5918f19466d0d09',1,'[{\"added\": {}}]',16,1),(5,'2019-06-26 05:57:43.792737','1','b7db0b7674603dd2b7bfeeffd5918f19466d0d09',1,'[{\"added\": {}}]',18,1),(6,'2019-06-26 08:05:54.386502','1','bazar',2,'[{\"changed\": {\"fields\": [\"gender\"]}}]',7,1),(7,'2019-06-26 09:18:35.869069','1','123',1,'[{\"added\": {}}]',13,1),(8,'2019-06-26 09:18:47.494347','1','Answer object (1)',1,'[{\"added\": {}}]',11,1),(9,'2019-06-26 09:19:58.251611','1','Answer object (1)',3,'',11,1),(10,'2019-06-26 09:39:34.306593','2','sdfsdfsdfsd',1,'[{\"added\": {}}]',11,1),(11,'2019-06-26 10:28:28.933524','1','Ideree 1.1',1,'[{\"added\": {}}]',14,1),(12,'2019-06-26 10:29:39.462134','2','Ideree 1.2',1,'[{\"added\": {}}]',14,1),(13,'2019-06-26 10:31:14.305678','3','Ideree 1.3',1,'[{\"added\": {}}]',14,1),(14,'2019-06-26 10:33:52.257021','1','Ideree',1,'[{\"added\": {}}, {\"added\": {\"name\": \"character image\", \"object\": \"CharacterImage object (1)\"}}]',8,1),(15,'2019-06-26 10:40:20.538689','1','Story object (1)',1,'[{\"added\": {}}]',20,1),(16,'2019-06-26 10:41:34.045019','1','Ideree 1.1',2,'[{\"changed\": {\"fields\": [\"story\"]}}]',14,1),(17,'2019-06-26 10:42:22.422272','2','Ideree 1.2',2,'[{\"changed\": {\"fields\": [\"story\"]}}]',14,1),(18,'2019-06-26 10:42:29.383613','3','Ideree 1.3',2,'[{\"changed\": {\"fields\": [\"story\"]}}]',14,1),(19,'2019-06-26 12:47:23.388990','1','Ideree',2,'[{\"changed\": {\"name\": \"character image\", \"object\": \"CharacterImage object (1)\", \"fields\": [\"image\"]}}]',8,1),(20,'2019-06-26 12:53:10.448202','1','Ideree',2,'[{\"added\": {\"name\": \"character image\", \"object\": \"CharacterImage object (2)\"}}, {\"added\": {\"name\": \"character image\", \"object\": \"CharacterImage object (3)\"}}]',8,1),(21,'2019-06-26 12:53:34.883697','1','Ideree',3,'',8,1),(22,'2019-06-26 12:53:52.553596','2','Ideree',1,'[{\"added\": {}}, {\"added\": {\"name\": \"character image\", \"object\": \"CharacterImage object (4)\"}}]',8,1),(23,'2019-06-26 13:04:00.228712','1','123',3,'',13,1),(24,'2019-06-26 13:04:39.105013','4','Ideree 1.4',1,'[{\"added\": {}}]',14,1),(25,'2019-06-26 13:05:24.668710','5','Ideree 1.5',1,'[{\"added\": {}}]',14,1),(26,'2019-06-26 13:05:54.140012','6','Ideree 1.6',1,'[{\"added\": {}}]',14,1),(27,'2019-06-26 13:06:23.988955','7','Ideree 1.7',1,'[{\"added\": {}}]',14,1),(28,'2019-06-26 13:09:13.904304','8','Ideree 1.8',1,'[{\"added\": {}}]',14,1),(29,'2019-06-26 13:12:46.592388','1','Content object (1)',1,'[{\"added\": {}}]',12,1),(30,'2019-06-26 13:13:49.214243','2','Content object (2)',1,'[{\"added\": {}}]',12,1),(31,'2019-06-26 13:14:23.079193','1','Идэрээ бол айлын ганц хүү. Түүний аав, ээж нь томоохон компани удирддаг тул их л завгүй байдаг ажээ.',2,'[]',12,1),(32,'2019-06-26 13:14:30.263130','1','Bubble 1',2,'[{\"changed\": {\"fields\": [\"content_name\"]}}]',12,1),(33,'2019-06-26 14:43:10.480159','3','Bubble 1',1,'[{\"added\": {}}]',12,1),(34,'2019-06-27 04:55:50.087807','4','Bubble 1',1,'[{\"added\": {}}]',12,1),(35,'2019-06-27 04:56:44.047363','5','Bubble 2',1,'[{\"added\": {}}]',12,1),(36,'2019-06-27 04:59:37.599618','6','Character',1,'[{\"added\": {}}]',12,1),(37,'2019-06-28 05:18:23.637013','2','ИДЭРЭЭ ЯАСАН НЬ ДЭЭР ВЭ?',1,'[{\"added\": {}}]',13,1),(38,'2019-06-28 05:18:59.114634','7','Question',1,'[{\"added\": {}}]',12,1),(39,'2019-06-28 05:19:41.770290','3','Уухгүй хамт явж болно доо.',1,'[{\"added\": {}}]',11,1),(40,'2019-06-28 05:19:48.724673','4','Дэмий. Тэд нартай нийлэхгүй байлаа гээд яав л гэж дээ.',1,'[{\"added\": {}}]',11,1),(41,'2019-06-28 05:19:57.338966','5','Дандаа биш ганц гарахад зүгээр шүү дээ.',1,'[{\"added\": {}}]',11,1),(42,'2019-06-28 05:20:05.608629','6','Боломж шүү дээ! Найзуудтайгаа живэх хэрэгтэй!',1,'[{\"added\": {}}]',11,1),(43,'2019-06-28 05:23:08.405640','8','Character',1,'[{\"added\": {}}]',12,1),(44,'2019-07-01 09:53:49.474385','4','lifeHack app',1,'[{\"added\": {}}]',9,1),(45,'2019-07-01 09:54:23.501847','1','b7db0b7674603dd2b7bfeeffd5918f19466d0d09',2,'[{\"changed\": {\"fields\": [\"application\"]}}]',16,1),(46,'2019-07-01 09:55:06.177358','3','3OX2Z3ebWlFybRdZTaAoCiIDQWqng3J7y9DairAa',3,'',9,1),(47,'2019-07-01 10:03:57.250212','4','lifeHack app',2,'[{\"changed\": {\"fields\": [\"authorization_grant_type\"]}}]',9,1),(48,'2019-07-02 08:54:59.168127','13','turuu',1,'[{\"added\": {}}]',7,1),(49,'2019-07-05 09:35:28.966358','3','Enhkdulguun',1,'[{\"added\": {}}, {\"added\": {\"name\": \"character image\", \"object\": \"CharacterImage object (5)\"}}]',8,1),(50,'2019-07-05 09:35:57.664010','4','Dulguunjargal',1,'[{\"added\": {}}, {\"added\": {\"name\": \"character image\", \"object\": \"CharacterImage object (6)\"}}]',8,1),(51,'2019-07-05 09:36:20.420708','5','Ganbodol',1,'[{\"added\": {}}, {\"added\": {\"name\": \"character image\", \"object\": \"CharacterImage object (7)\"}}]',8,1),(52,'2019-07-05 09:37:00.599431','6','Kherlen',1,'[{\"added\": {}}, {\"added\": {\"name\": \"character image\", \"object\": \"CharacterImage object (8)\"}}]',8,1),(53,'2019-07-05 09:37:18.842584','7','Sanaa',1,'[{\"added\": {}}, {\"added\": {\"name\": \"character image\", \"object\": \"CharacterImage object (9)\"}}]',8,1),(54,'2019-07-06 13:26:37.820644','7','Sanaa',2,'[{\"changed\": {\"fields\": [\"avatar_img\"]}}]',8,1),(55,'2019-07-06 13:35:02.620629','6','Kherlen',2,'[{\"changed\": {\"fields\": [\"avatar_img\"]}}]',8,1),(56,'2019-07-06 13:36:16.426588','5','Ganbodol',2,'[{\"changed\": {\"fields\": [\"avatar_img\"]}}]',8,1),(57,'2019-07-06 13:36:47.657651','4','Dulguunjargal',2,'[{\"changed\": {\"fields\": [\"avatar_img\"]}}]',8,1),(58,'2019-07-08 07:08:13.348904','7','Sanaa',2,'[{\"changed\": {\"fields\": [\"gender\", \"avatar_img_s\", \"avatar_img_m\", \"avatar_img_l\"]}}, {\"changed\": {\"name\": \"character image\", \"object\": \"CharacterImage object (9)\", \"fields\": [\"image_s\", \"image_m\", \"image_l\"]}}]',8,1),(59,'2019-07-08 07:41:26.387998','6','Kherlen',2,'[{\"changed\": {\"fields\": [\"avatar_img_s\", \"avatar_img_m\", \"avatar_img_l\"]}}, {\"changed\": {\"name\": \"character image\", \"object\": \"CharacterImage object (8)\", \"fields\": [\"image_s\", \"image_m\", \"image_l\"]}}]',8,1),(60,'2019-07-08 07:44:19.715960','5','Ganbodol',2,'[{\"changed\": {\"fields\": [\"avatar_img_s\", \"avatar_img_m\", \"avatar_img_l\"]}}, {\"changed\": {\"name\": \"character image\", \"object\": \"CharacterImage object (7)\", \"fields\": [\"image_s\", \"image_m\", \"image_l\"]}}]',8,1),(61,'2019-07-08 07:50:26.258501','4','Dulguunjargal',2,'[{\"changed\": {\"fields\": [\"avatar_img_s\", \"avatar_img_m\", \"avatar_img_l\"]}}, {\"changed\": {\"name\": \"character image\", \"object\": \"CharacterImage object (6)\", \"fields\": [\"image_s\", \"image_m\", \"image_l\"]}}]',8,1),(62,'2019-07-08 07:51:20.184384','3','Enhkdulguun',2,'[{\"changed\": {\"fields\": [\"avatar_img_s\", \"avatar_img_m\", \"avatar_img_l\"]}}, {\"changed\": {\"name\": \"character image\", \"object\": \"CharacterImage object (5)\", \"fields\": [\"image_s\", \"image_m\", \"image_l\"]}}]',8,1),(63,'2019-07-08 07:51:56.531985','2','Ideree',2,'[{\"changed\": {\"fields\": [\"gender\", \"avatar_img_s\", \"avatar_img_m\", \"avatar_img_l\"]}}, {\"changed\": {\"name\": \"character image\", \"object\": \"CharacterImage object (4)\", \"fields\": [\"image_s\", \"image_m\", \"image_l\"]}}]',8,1),(64,'2019-07-08 08:26:26.091803','2','Enkhdulguun',1,'[{\"added\": {}}]',20,1),(65,'2019-07-08 08:26:37.449244','3','Ideree',1,'[{\"added\": {}}]',20,1),(66,'2019-07-08 08:27:45.160090','4','Kherlen',1,'[{\"added\": {}}]',20,1),(67,'2019-07-08 08:27:55.825749','5','Sanaa',1,'[{\"added\": {}}]',20,1),(68,'2019-07-08 08:28:07.401509','6','Ganbodol',1,'[{\"added\": {}}]',20,1),(69,'2019-07-10 01:08:58.735340','9','Ideree 1.1',1,'[{\"added\": {}}]',14,1),(70,'2019-07-10 06:41:07.569676','10','Ideree 1.2',1,'[{\"added\": {}}]',14,1),(71,'2019-07-10 06:51:12.821242','9','Ideree 1.1',3,'',14,1),(72,'2019-07-10 06:51:17.978071','10','Ideree 1.2',3,'',14,1),(73,'2019-07-10 06:51:36.875444','8','Ideree 1.8',2,'[{\"changed\": {\"fields\": [\"story\"]}}]',14,1),(74,'2019-07-10 06:52:30.140201','7','Ideree 1.7',2,'[{\"changed\": {\"fields\": [\"story\"]}}]',14,1),(75,'2019-07-10 06:52:35.488939','6','Ideree 1.6',2,'[{\"changed\": {\"fields\": [\"story\"]}}]',14,1),(76,'2019-07-10 06:52:43.888334','5','Ideree 1.5',2,'[{\"changed\": {\"fields\": [\"story\"]}}]',14,1),(77,'2019-07-10 06:52:49.615688','4','Ideree 1.4',2,'[{\"changed\": {\"fields\": [\"story\"]}}]',14,1),(78,'2019-07-10 06:52:54.620044','3','Ideree 1.3',2,'[{\"changed\": {\"fields\": [\"story\"]}}]',14,1),(79,'2019-07-10 06:52:58.931051','2','Ideree 1.2',2,'[{\"changed\": {\"fields\": [\"story\"]}}]',14,1),(80,'2019-07-10 06:53:04.287350','1','Ideree 1.1',2,'[{\"changed\": {\"fields\": [\"story\"]}}]',14,1),(81,'2019-07-10 06:55:38.505674','11','234234',1,'[{\"added\": {}}]',14,1),(82,'2019-07-10 06:56:36.979803','3','Ideree',2,'[]',20,1),(83,'2019-07-10 06:57:30.661061','12','123123',1,'[{\"added\": {}}]',14,1),(84,'2019-07-10 06:57:43.339387','12','123123',3,'',14,1),(85,'2019-07-10 07:16:27.609439','13','Ideree 2.1',1,'[{\"added\": {}}]',14,1),(86,'2019-07-10 07:22:08.287164','14','Ideree 2.2',1,'[{\"added\": {}}]',14,1),(87,'2019-07-10 07:22:22.645812','15','Ideree 2.3',1,'[{\"added\": {}}]',14,1),(88,'2019-07-10 07:22:33.192273','13','Ideree 2.1',2,'[{\"changed\": {\"fields\": [\"background\"]}}]',14,1),(89,'2019-07-10 07:22:49.002848','16','Ideree 2.4',1,'[{\"added\": {}}]',14,1),(90,'2019-07-10 07:23:05.108061','17','Ideree 2.5',1,'[{\"added\": {}}]',14,1),(91,'2019-07-10 07:26:49.023778','18','Ideree 2.6',1,'[{\"added\": {}}]',14,1),(92,'2019-07-10 07:27:05.052301','19','Ideree 2.7',1,'[{\"added\": {}}]',14,1),(93,'2019-07-10 07:28:01.514735','20','Ideree 2.8',1,'[{\"added\": {}}]',14,1),(94,'2019-07-10 07:28:25.574060','19','Ideree 2.7',2,'[{\"changed\": {\"fields\": [\"background\"]}}]',14,1),(95,'2019-07-10 07:35:07.167339','21','Ideree 3.1',1,'[{\"added\": {}}]',14,1),(96,'2019-07-10 07:47:58.247453','22','Ideree 3.2',1,'[{\"added\": {}}]',14,1),(97,'2019-07-16 05:12:09.051370','23','Ideree 3.3',1,'[{\"added\": {}}]',14,1),(98,'2019-07-16 05:12:36.452874','24','Ideree 3.4',1,'[{\"added\": {}}]',14,1),(99,'2019-07-16 05:12:52.392854','25','Ideree 3.5',1,'[{\"added\": {}}]',14,1),(100,'2019-07-16 05:13:06.700608','26','Ideree 3.6',1,'[{\"added\": {}}]',14,1),(101,'2019-07-16 05:13:23.146212','27','Ideree 3.7',1,'[{\"added\": {}}]',14,1),(102,'2019-07-16 05:13:42.474514','28','Ideree 3.8',1,'[{\"added\": {}}]',14,1),(103,'2019-07-16 05:14:04.886850','29','Ideree 4.1',1,'[{\"added\": {}}]',14,1),(104,'2019-07-16 05:51:10.432773','30','Ideree 4.2',1,'[{\"added\": {}}]',14,1),(105,'2019-07-16 05:51:33.957594','31','Ideree 4.3',1,'[{\"added\": {}}]',14,1),(106,'2019-07-16 05:51:53.454040','32','Ideree 4.4',1,'[{\"added\": {}}]',14,1),(107,'2019-07-16 05:52:06.300066','33','Ideree 4.5',1,'[{\"added\": {}}]',14,1),(108,'2019-07-16 05:52:47.917462','34','Ideree 4.6',1,'[{\"added\": {}}]',14,1),(109,'2019-07-16 05:53:01.085306','35','Ideree 4.7',1,'[{\"added\": {}}]',14,1),(110,'2019-07-16 05:53:14.188122','36','Ideree 4.8',1,'[{\"added\": {}}]',14,1),(111,'2019-07-16 05:53:40.223872','37','Ideree 5.1',1,'[{\"added\": {}}]',14,1),(112,'2019-07-16 05:54:07.973745','38','Ideree 5.2',1,'[{\"added\": {}}]',14,1),(113,'2019-07-16 05:54:25.548059','39','Ideree 5.3',1,'[{\"added\": {}}]',14,1),(114,'2019-07-16 05:54:50.628829','40','Ideree 5.4',1,'[{\"added\": {}}]',14,1),(115,'2019-07-16 05:55:07.587270','41','Ideree 5.5',1,'[{\"added\": {}}]',14,1),(116,'2019-07-16 05:55:23.617188','42','Ideree 5.6',1,'[{\"added\": {}}]',14,1),(117,'2019-07-16 05:55:38.722687','43','Ideree 5.7',1,'[{\"added\": {}}]',14,1),(118,'2019-07-16 05:55:54.961331','44','Ideree 5.8',1,'[{\"added\": {}}]',14,1),(119,'2019-07-16 05:56:18.523587','45','Ideree 6.1',1,'[{\"added\": {}}]',14,1),(120,'2019-07-16 05:56:31.666093','46','Ideree 6.2',1,'[{\"added\": {}}]',14,1),(121,'2019-07-16 05:56:49.053742','47','Ideree 6.3',1,'[{\"added\": {}}]',14,1),(122,'2019-07-16 05:57:03.544717','48','Ideree 6.4',1,'[{\"added\": {}}]',14,1),(123,'2019-07-16 05:57:17.162686','49','Ideree 6.5',1,'[{\"added\": {}}]',14,1),(124,'2019-07-16 05:57:29.183203','50','Ideree 6.6',1,'[{\"added\": {}}]',14,1),(125,'2019-07-16 05:57:41.393718','51','Ideree 6.7',1,'[{\"added\": {}}]',14,1),(126,'2019-07-16 05:57:56.389043','52','Ideree 6.8',1,'[{\"added\": {}}]',14,1),(127,'2019-07-17 08:33:52.606193','8','Character',2,'[]',12,1),(128,'2019-07-18 04:46:41.060160','6','Ganbodol',2,'[{\"changed\": {\"fields\": [\"is_publish\"]}}]',20,1),(129,'2019-07-18 04:46:47.182521','6','Ganbodol',2,'[{\"changed\": {\"fields\": [\"is_publish\"]}}]',20,1),(130,'2019-07-21 07:39:39.839360','2','Идэрээ',2,'[{\"changed\": {\"fields\": [\"name\", \"age\"]}}]',8,1),(131,'2019-07-21 07:39:50.568107','3','Энхдөлгөөн',2,'[{\"changed\": {\"fields\": [\"name\"]}}]',8,1),(132,'2019-07-21 07:39:59.409762','4','Дөлгөөнжаргал',2,'[{\"changed\": {\"fields\": [\"name\"]}}]',8,1),(133,'2019-07-21 07:40:06.600641','5','Ганбодол',2,'[{\"changed\": {\"fields\": [\"name\"]}}]',8,1),(134,'2019-07-21 07:40:14.003114','6','Хэрлэн',2,'[{\"changed\": {\"fields\": [\"name\"]}}]',8,1),(135,'2019-07-21 07:40:22.009748','7','Санаа',2,'[{\"changed\": {\"fields\": [\"name\"]}}]',8,1),(136,'2019-07-21 07:42:04.028159','3','Ideree',2,'[{\"changed\": {\"fields\": [\"order_num\"]}}]',20,1),(137,'2019-07-21 07:42:09.023959','2','Enkhdulguun',2,'[{\"changed\": {\"fields\": [\"order_num\"]}}]',20,1),(138,'2019-07-21 07:42:23.280623','6','Ganbodol',2,'[{\"changed\": {\"fields\": [\"order_num\"]}}]',20,1),(139,'2019-07-21 07:52:09.581899','2','Идэрээ',2,'[{\"changed\": {\"fields\": [\"avatar_img_s\", \"avatar_img_m\", \"avatar_img_l\"]}}]',8,1),(140,'2019-07-22 15:20:30.063900','1','Ideree 1.1',2,'[{\"changed\": {\"fields\": [\"order_num\"]}}]',14,1),(141,'2019-07-22 15:20:40.841592','2','Ideree 1.2',2,'[{\"changed\": {\"fields\": [\"order_num\", \"prev_step\"]}}]',14,1),(142,'2019-07-22 15:20:48.841666','3','Ideree 1.3',2,'[{\"changed\": {\"fields\": [\"order_num\"]}}]',14,1),(143,'2019-07-22 15:21:00.150589','4','Ideree 1.4',2,'[{\"changed\": {\"fields\": [\"order_num\", \"prev_step\"]}}]',14,1),(144,'2019-07-22 15:21:11.559470','5','Ideree 1.5',2,'[{\"changed\": {\"fields\": [\"order_num\"]}}]',14,1),(145,'2019-07-22 15:21:23.419964','6','Ideree 1.6',2,'[{\"changed\": {\"fields\": [\"order_num\"]}}]',14,1),(146,'2019-07-22 15:21:39.148407','7','Ideree 1.7',2,'[{\"changed\": {\"fields\": [\"order_num\"]}}]',14,1),(147,'2019-07-22 15:22:53.120149','8','Ideree 1.8',2,'[{\"changed\": {\"fields\": [\"order_num\"]}}]',14,1),(148,'2019-07-22 15:23:03.950640','13','Ideree 2.1',2,'[{\"changed\": {\"fields\": [\"order_num\"]}}]',14,1),(149,'2019-07-22 15:23:14.124866','14','Ideree 2.2',2,'[{\"changed\": {\"fields\": [\"order_num\", \"next_step\", \"prev_step\"]}}]',14,1),(150,'2019-07-22 15:23:27.755988','15','Ideree 2.3',2,'[{\"changed\": {\"fields\": [\"order_num\", \"next_step\", \"prev_step\"]}}]',14,1),(151,'2019-07-22 15:23:49.819267','16','Ideree 2.4',2,'[{\"changed\": {\"fields\": [\"order_num\", \"next_step\", \"prev_step\"]}}]',14,1),(152,'2019-07-22 15:24:03.326798','17','Ideree 2.5',2,'[{\"changed\": {\"fields\": [\"order_num\", \"next_step\", \"prev_step\"]}}]',14,1),(153,'2019-07-22 15:24:16.032972','18','Ideree 2.6',2,'[{\"changed\": {\"fields\": [\"order_num\", \"next_step\", \"prev_step\"]}}]',14,1),(154,'2019-07-22 15:24:27.363754','19','Ideree 2.7',2,'[{\"changed\": {\"fields\": [\"order_num\", \"next_step\", \"prev_step\"]}}]',14,1),(155,'2019-07-22 15:24:40.909684','20','Ideree 2.8',2,'[{\"changed\": {\"fields\": [\"order_num\", \"next_step\", \"prev_step\"]}}]',14,1),(156,'2019-07-22 15:24:55.210725','21','Ideree 3.1',2,'[{\"changed\": {\"fields\": [\"order_num\", \"next_step\", \"prev_step\"]}}]',14,1),(157,'2019-07-22 15:25:15.180832','22','Ideree 3.2',2,'[{\"changed\": {\"fields\": [\"order_num\", \"next_step\", \"prev_step\"]}}]',14,1),(158,'2019-07-22 15:25:37.495020','23','Ideree 3.3',2,'[{\"changed\": {\"fields\": [\"order_num\", \"next_step\", \"prev_step\"]}}]',14,1),(159,'2019-07-22 15:25:54.836829','24','Ideree 3.4',2,'[{\"changed\": {\"fields\": [\"order_num\", \"next_step\", \"prev_step\"]}}]',14,1),(160,'2019-07-22 15:26:07.840394','25','Ideree 3.5',2,'[{\"changed\": {\"fields\": [\"order_num\", \"next_step\", \"prev_step\"]}}]',14,1),(161,'2019-07-22 15:26:19.772077','26','Ideree 3.6',2,'[{\"changed\": {\"fields\": [\"order_num\", \"next_step\", \"prev_step\"]}}]',14,1),(162,'2019-07-22 15:26:31.066858','27','Ideree 3.7',2,'[{\"changed\": {\"fields\": [\"order_num\", \"next_step\", \"prev_step\"]}}]',14,1),(163,'2019-07-22 15:26:45.867626','28','Ideree 3.8',2,'[{\"changed\": {\"fields\": [\"order_num\", \"next_step\", \"prev_step\"]}}]',14,1),(164,'2019-07-22 15:26:56.581086','29','Ideree 4.1',2,'[{\"changed\": {\"fields\": [\"order_num\", \"next_step\", \"prev_step\"]}}]',14,1),(165,'2019-07-22 15:27:07.517205','30','Ideree 4.2',2,'[{\"changed\": {\"fields\": [\"order_num\", \"next_step\", \"prev_step\"]}}]',14,1),(166,'2019-07-22 15:27:20.068585','31','Ideree 4.3',2,'[{\"changed\": {\"fields\": [\"order_num\", \"next_step\", \"prev_step\"]}}]',14,1),(167,'2019-07-22 15:27:33.754031','32','Ideree 4.4',2,'[{\"changed\": {\"fields\": [\"order_num\", \"next_step\", \"prev_step\"]}}]',14,1),(168,'2019-07-22 15:27:45.916271','33','Ideree 4.5',2,'[{\"changed\": {\"fields\": [\"order_num\", \"next_step\", \"prev_step\"]}}]',14,1),(169,'2019-07-22 15:28:00.142215','34','Ideree 4.6',2,'[{\"changed\": {\"fields\": [\"order_num\", \"next_step\", \"prev_step\"]}}]',14,1),(170,'2019-07-22 15:28:12.939444','35','Ideree 4.7',2,'[{\"changed\": {\"fields\": [\"order_num\", \"next_step\", \"prev_step\"]}}]',14,1),(171,'2019-07-22 15:28:23.489997','36','Ideree 4.8',2,'[{\"changed\": {\"fields\": [\"order_num\", \"next_step\", \"prev_step\"]}}]',14,1),(172,'2019-07-22 15:28:35.272080','37','Ideree 5.1',2,'[{\"changed\": {\"fields\": [\"order_num\", \"next_step\", \"prev_step\"]}}]',14,1),(173,'2019-07-22 15:28:48.154457','38','Ideree 5.2',2,'[{\"changed\": {\"fields\": [\"order_num\", \"next_step\", \"prev_step\"]}}]',14,1),(174,'2019-07-22 15:28:59.114415','39','Ideree 5.3',2,'[{\"changed\": {\"fields\": [\"order_num\", \"next_step\", \"prev_step\"]}}]',14,1),(175,'2019-07-22 15:29:09.905498','40','Ideree 5.4',2,'[{\"changed\": {\"fields\": [\"order_num\", \"next_step\", \"prev_step\"]}}]',14,1),(176,'2019-07-22 15:29:21.568678','41','Ideree 5.5',2,'[{\"changed\": {\"fields\": [\"order_num\", \"next_step\", \"prev_step\"]}}]',14,1),(177,'2019-07-22 15:29:34.934774','42','Ideree 5.6',2,'[{\"changed\": {\"fields\": [\"order_num\", \"next_step\", \"prev_step\"]}}]',14,1),(178,'2019-07-22 15:29:49.739619','43','Ideree 5.7',2,'[{\"changed\": {\"fields\": [\"order_num\", \"next_step\", \"prev_step\"]}}]',14,1),(179,'2019-07-22 15:30:00.566115','44','Ideree 5.8',2,'[{\"changed\": {\"fields\": [\"order_num\", \"next_step\", \"prev_step\"]}}]',14,1),(180,'2019-07-22 15:30:12.276832','45','Ideree 6.1',2,'[{\"changed\": {\"fields\": [\"order_num\", \"next_step\", \"prev_step\"]}}]',14,1),(181,'2019-07-22 15:30:23.444216','46','Ideree 6.2',2,'[{\"changed\": {\"fields\": [\"order_num\", \"next_step\", \"prev_step\"]}}]',14,1),(182,'2019-07-22 15:30:34.198696','47','Ideree 6.3',2,'[{\"changed\": {\"fields\": [\"order_num\", \"next_step\", \"prev_step\"]}}]',14,1),(183,'2019-07-22 15:30:44.993257','48','Ideree 6.4',2,'[{\"changed\": {\"fields\": [\"order_num\", \"next_step\", \"prev_step\"]}}]',14,1),(184,'2019-07-22 15:30:53.983863','49','Ideree 6.5',2,'[{\"changed\": {\"fields\": [\"order_num\", \"next_step\", \"prev_step\"]}}]',14,1),(185,'2019-07-22 15:31:05.217042','50','Ideree 6.6',2,'[{\"changed\": {\"fields\": [\"order_num\", \"next_step\", \"prev_step\"]}}]',14,1),(186,'2019-07-22 15:31:15.515437','51','Ideree 6.7',2,'[{\"changed\": {\"fields\": [\"order_num\", \"next_step\", \"prev_step\"]}}]',14,1),(187,'2019-07-22 15:31:26.380453','52','Ideree 6.8',2,'[{\"changed\": {\"fields\": [\"order_num\", \"prev_step\"]}}]',14,1),(188,'2019-07-28 11:17:39.754163','4','Bubble 1',2,'[{\"changed\": {\"fields\": [\"bubble_type\"]}}]',12,1),(189,'2019-07-28 11:31:05.517597','4','Bubble 1',2,'[{\"changed\": {\"fields\": [\"position\"]}}]',12,1),(190,'2019-07-30 13:51:11.905867','9','Bubble 1',1,'[{\"added\": {}}]',12,1),(191,'2019-07-30 13:52:32.579991','10','Character 1',1,'[{\"added\": {}}]',12,1),(192,'2019-07-30 13:52:55.635785','10','Character 1',2,'[{\"changed\": {\"fields\": [\"content_image_s\", \"content_image_m\", \"content_image_l\"]}}]',12,1),(193,'2019-07-30 13:53:46.633062','11','Character 2',1,'[{\"added\": {}}]',12,1),(194,'2019-07-30 13:54:53.067461','12','Character 1',1,'[{\"added\": {}}]',12,1),(195,'2019-07-30 13:55:53.134123','8','Character',3,'',12,1),(196,'2019-07-30 13:59:01.366018','13','Зөвлөмж',1,'[{\"added\": {}}]',12,1),(197,'2019-07-30 14:00:03.165989','14','Дүр',1,'[{\"added\": {}}]',12,1),(198,'2019-07-30 14:00:55.423710','15','Зөвлөмж',1,'[{\"added\": {}}]',12,1),(199,'2019-07-30 14:01:23.281396','15','Зөвлөмж',2,'[{\"changed\": {\"fields\": [\"bubble_type\"]}}]',12,1),(200,'2019-07-30 14:02:02.244222','16','Дүр эмэгтэй',1,'[{\"added\": {}}]',12,1),(201,'2019-07-30 14:02:46.648265','17','Зөвлөмж',1,'[{\"added\": {}}]',12,1),(202,'2019-07-30 14:03:36.268812','18','Дүр эрэгтэй',1,'[{\"added\": {}}]',12,1),(203,'2019-07-30 14:04:24.272511','19','Зөвлөмж цагдаа',1,'[{\"added\": {}}]',12,1),(204,'2019-07-30 14:05:22.229192','20','Дүр цагдаа',1,'[{\"added\": {}}]',12,1),(205,'2019-07-30 14:06:19.774861','21','Зөвлөмж',1,'[{\"added\": {}}]',12,1),(206,'2019-07-30 14:07:04.014875','22','Дүр эрэгтэй',1,'[{\"added\": {}}]',12,1),(207,'2019-07-30 14:08:35.461522','23','Зөвлөмж',1,'[{\"added\": {}}]',12,1),(208,'2019-07-30 14:09:32.681801','24','Дүр 1 эрэгтэй',1,'[{\"added\": {}}]',12,1),(209,'2019-07-30 14:10:03.571819','25','Дүр 2 эрэгтэй',1,'[{\"added\": {}}]',12,1),(210,'2019-07-30 14:33:24.898801','26','Зөвлөмж',1,'[{\"added\": {}}]',12,1),(211,'2019-07-30 14:34:08.414548','27','Дүр 1 эрэгтэй',1,'[{\"added\": {}}]',12,1),(212,'2019-07-30 14:34:46.772435','28','Дүр 2 эрэгтэй',1,'[{\"added\": {}}]',12,1),(213,'2019-07-30 14:34:56.782693','27','Дүр 1 эрэгтэй',2,'[{\"changed\": {\"fields\": [\"position\"]}}]',12,1),(214,'2019-07-30 14:35:34.825514','3','ИДЭРЭЭ АРХИ УУХ ХЭРЭГТЭЙ ЮУ?',1,'[{\"added\": {}}]',13,1),(215,'2019-07-30 14:35:57.042206','7','Архигүйгээр баярлаж болдгийг найзууддаа хэлэх хэрэгтэй.',1,'[{\"added\": {}}]',11,1),(216,'2019-07-30 14:36:07.982546','8','Найзыгаа бодоод эхний 2, 3-ыг амсаж болох л юм.',1,'[{\"added\": {}}]',11,1),(217,'2019-07-30 14:36:17.822310','9','Найзыгаа хүндлээд ууна гэж хэлсэн нь шулуухан.',1,'[{\"added\": {}}]',11,1),(218,'2019-07-30 14:36:26.773471','10','Боломж олдож байгаа дээр нь ууж сурах хэрэгтэй.',1,'[{\"added\": {}}]',11,1),(219,'2019-07-30 14:37:06.065556','29','Асуулт',1,'[{\"added\": {}}]',12,1),(220,'2019-07-30 14:37:50.366272','30','Дүр 1 эрэгтэй',1,'[{\"added\": {}}]',12,1),(221,'2019-07-31 02:39:45.723912','6','Character',2,'[{\"changed\": {\"fields\": [\"content_image_s\", \"content_image_m\", \"content_image_l\"]}}]',12,1),(222,'2019-07-31 02:48:26.349453','9','Bubble 1',2,'[{\"changed\": {\"fields\": [\"position\"]}}]',12,1),(223,'2019-07-31 02:49:38.606381','12','Character 1',2,'[{\"changed\": {\"fields\": [\"position\"]}}]',12,1),(224,'2019-07-31 02:53:54.443493','12','Character 1',2,'[{\"changed\": {\"fields\": [\"position\"]}}]',12,1),(225,'2019-07-31 02:54:56.725677','12','Character 1',2,'[{\"changed\": {\"fields\": [\"position\"]}}]',12,1),(226,'2019-07-31 03:33:14.677585','4','Bubble 1',2,'[{\"changed\": {\"fields\": [\"bubble_type\", \"height\"]}}]',12,1),(227,'2019-07-31 03:36:44.664576','23','Зөвлөмж',2,'[{\"changed\": {\"fields\": [\"width\"]}}]',12,1),(228,'2019-07-31 03:41:16.018621','28','Дүр 2 эрэгтэй',2,'[{\"changed\": {\"fields\": [\"position\"]}}]',12,1),(229,'2019-07-31 03:41:29.844502','26','Зөвлөмж',2,'[{\"changed\": {\"fields\": [\"width\"]}}]',12,1),(230,'2019-07-31 03:41:58.928755','27','Дүр 1 эрэгтэй',2,'[{\"changed\": {\"fields\": [\"position\"]}}]',12,1),(231,'2019-07-31 03:42:07.499946','28','Дүр 2 эрэгтэй',2,'[{\"changed\": {\"fields\": [\"position\"]}}]',12,1),(232,'2019-07-31 03:42:47.162524','26','Зөвлөмж',2,'[{\"changed\": {\"fields\": [\"width\", \"height\"]}}]',12,1),(233,'2019-07-31 03:44:28.109200','31','Зөвлөмж',1,'[{\"added\": {}}]',12,1),(234,'2019-07-31 03:45:11.343642','32','Дүр эмэгтэй',1,'[{\"added\": {}}]',12,1),(235,'2019-07-31 03:45:56.548493','33','Зөвлөмж',1,'[{\"added\": {}}]',12,1),(236,'2019-07-31 03:47:07.797851','34','Дүр эрэгтэй',1,'[{\"added\": {}}]',12,1),(237,'2019-07-31 03:47:48.156343','35','Зөвлөмж',1,'[{\"added\": {}}]',12,1),(238,'2019-07-31 03:48:32.159200','36','Дүр эмэгтэй',1,'[{\"added\": {}}]',12,1),(239,'2019-07-31 03:49:24.336251','37','Зөвлөмж',1,'[{\"added\": {}}]',12,1),(240,'2019-07-31 03:50:05.999716','38','Дүр цагдаа',1,'[{\"added\": {}}]',12,1),(241,'2019-07-31 03:50:54.616483','39','Зөвлөмж',1,'[{\"added\": {}}]',12,1),(242,'2019-07-31 03:51:34.278247','40','Дүр эрэгтэй',1,'[{\"added\": {}}]',12,1),(243,'2019-07-31 03:52:05.436640','41','Зөвлөмж',1,'[{\"added\": {}}]',12,1),(244,'2019-07-31 03:52:52.576869','42','Дүр эрэгтэй 1',1,'[{\"added\": {}}]',12,1),(245,'2019-07-31 03:53:25.010760','43','Дүр эрэгтэй 2',1,'[{\"added\": {}}]',12,1),(246,'2019-07-31 03:54:06.050369','44','Зөвлөмж',1,'[{\"added\": {}}]',12,1),(247,'2019-07-31 03:54:57.484497','45','Дүр эрэгтэй 1',1,'[{\"added\": {}}]',12,1),(248,'2019-07-31 03:55:32.373056','46','Дүр эрэгтэй 2',1,'[{\"added\": {}}]',12,1),(249,'2019-07-31 05:28:42.035049','47','Дүр 1 эрэгтэй',1,'[{\"added\": {}}]',12,1),(250,'2019-07-31 05:29:07.800920','4','ИДЭРЭЭ ЯАСАН НЬ ДЭЭР ВЭ?',1,'[{\"added\": {}}]',13,1),(251,'2019-07-31 05:29:20.644085','48','ИДЭРЭЭ ЯАСАН НЬ ДЭЭР ВЭ?',1,'[{\"added\": {}}]',12,1),(252,'2019-07-31 05:29:33.815036','48','Асуулт',2,'[{\"changed\": {\"fields\": [\"content_name\", \"content\"]}}]',12,1),(253,'2019-07-31 05:30:10.408084','11','Эртхэн харьсан нь хэн хэнд нь дээр.',1,'[{\"added\": {}}]',11,1),(254,'2019-07-31 05:30:18.506421','12','Өөрөө ч бас согтчихсон юм чинь татгалзах хэрэгтэй.',1,'[{\"added\": {}}]',11,1),(255,'2019-07-31 05:30:26.022855','13','Найзыгаа харих хүртэл нь хамт үлдсэн нь дээр.',1,'[{\"added\": {}}]',11,1),(256,'2019-07-31 05:31:07.056736','14','Шаравааг тасархыг нь хүлээж байгаад хаяаад явсан нь дээр.',1,'[{\"added\": {}}]',11,1),(257,'2019-07-31 05:31:45.472259','49','Зөвлөмж',1,'[{\"added\": {}}]',12,1),(258,'2019-07-31 05:32:24.436744','50','Дүр эмэгтэй  1',1,'[{\"added\": {}}]',12,1),(259,'2019-07-31 05:33:38.948472','51','Зөвлөмж',1,'[{\"added\": {}}]',12,1),(260,'2019-07-31 05:34:14.289486','52','Дүр сахалтай',1,'[{\"added\": {}}]',12,1),(261,'2019-07-31 05:35:42.673981','53','Зөвлөмж',1,'[{\"added\": {}}]',12,1),(262,'2019-07-31 05:36:23.608327','54','Сахалтай эрэгтэй',1,'[{\"added\": {}}]',12,1),(263,'2019-07-31 05:38:10.322441','55','Зөвлөмж',1,'[{\"added\": {}}]',12,1),(264,'2019-07-31 05:38:43.918926','56','Эмэгтэй дүр',1,'[{\"added\": {}}]',12,1),(265,'2019-07-31 05:39:18.283144','57','Зөвлөмж',1,'[{\"added\": {}}]',12,1),(266,'2019-07-31 05:40:01.206051','58','Эрэгтэй дүр',1,'[{\"added\": {}}]',12,1),(267,'2019-07-31 05:40:42.156079','59','Түүх',1,'[{\"added\": {}}]',12,1),(268,'2019-07-31 05:41:31.848133','60','Эрэгтэй дүр эхнийх',1,'[{\"added\": {}}]',12,1),(269,'2019-07-31 05:42:06.028134','61','Эрэгтэй дүр аяга барьсан',1,'[{\"added\": {}}]',12,1),(270,'2019-07-31 05:42:39.181888','62','Түүх',1,'[{\"added\": {}}]',12,1),(271,'2019-07-31 05:43:28.594695','63','Эрэгтэй дүр хар цамцтай',1,'[{\"added\": {}}]',12,1),(272,'2019-07-31 05:44:01.008615','64','Эрэгтэй дүр цэнхэр цамцтай',1,'[{\"added\": {}}]',12,1),(273,'2019-07-31 05:44:30.960119','5','ШАРАВААТАЙ ЯАЖ ХАРЬЦВАЛ ДЭЭР ВЭ?',1,'[{\"added\": {}}]',13,1),(274,'2019-07-31 05:44:47.648895','65','Шаравын тухай асуулт',1,'[{\"added\": {}}]',12,1),(275,'2019-07-31 05:45:16.426036','15','Найз нь юм чинь хар тамхинаас холдуулах үйлдэл хийх хэрэгтэй.',1,'[{\"added\": {}}]',11,1),(276,'2019-07-31 05:45:21.868730','16','Шараваад хар тамхины хор уршгыг хэлж ятгах хэрэгтэй.',1,'[{\"added\": {}}]',11,1),(277,'2019-07-31 05:45:27.943619','17','Шараваагийн л сонголт.  Тоолгүй орхих хэрэгтэй.',1,'[{\"added\": {}}]',11,1),(278,'2019-07-31 05:45:33.807379','18','Шараваа догь санагдаж байгаа болохоор хамт хэрэглэж үзнэ.',1,'[{\"added\": {}}]',11,1),(279,'2019-07-31 05:46:23.731011','66','Эрэгтэй дүр',1,'[{\"added\": {}}]',12,1),(280,'2019-07-31 05:52:00.964833','67','Түүх зөвлөмж',1,'[{\"added\": {}}]',12,1),(281,'2019-07-31 05:52:50.420438','68','Сахалтай эрэгтэй',1,'[{\"added\": {}}]',12,1),(282,'2019-07-31 05:53:17.762505','69','Зөвлөмж',1,'[{\"added\": {}}]',12,1),(283,'2019-07-31 05:53:49.344655','70','Нүдний шилтэй эмэгтэй',1,'[{\"added\": {}}]',12,1),(284,'2019-07-31 05:54:23.943902','71','Зөвлөмж',1,'[{\"added\": {}}]',12,1),(285,'2019-07-31 05:55:23.713124','72','Нүдний шилгүй эмэгтэй',1,'[{\"added\": {}}]',12,1),(286,'2019-07-31 05:55:54.906640','73','Цагдаагийн үг',1,'[{\"added\": {}}]',12,1),(287,'2019-07-31 05:56:28.786856','74','Цагдаа',1,'[{\"added\": {}}]',12,1),(288,'2019-07-31 05:56:52.241441','75','Зөвлөмж',1,'[{\"added\": {}}]',12,1),(289,'2019-07-31 05:57:43.071031','76','Эрэгтэй дүр',1,'[{\"added\": {}}]',12,1),(290,'2019-07-31 05:58:11.771140','77','Эрэгтэй дүр 1',1,'[{\"added\": {}}]',12,1),(291,'2019-07-31 05:58:19.908016','76','Эрэгтэй дүр',2,'[{\"changed\": {\"fields\": [\"position\"]}}]',12,1),(292,'2019-07-31 05:58:58.216329','78','Зөвлөмж',1,'[{\"added\": {}}]',12,1),(293,'2019-07-31 05:59:31.880900','79','Эрэгтэй дүр 1',1,'[{\"added\": {}}]',12,1),(294,'2019-07-31 06:00:09.518704','80','Эрэгтэй дүр 2',1,'[{\"added\": {}}]',12,1),(295,'2019-07-31 06:05:13.643086','81','Зөвлөмж',1,'[{\"added\": {}}]',12,1),(296,'2019-07-31 06:05:50.737114','82','Эрэгтэй дүр',1,'[{\"added\": {}}]',12,1),(297,'2019-07-31 06:06:20.860705','83','Эрэгтэй дүр 2',1,'[{\"added\": {}}]',12,1),(298,'2019-07-31 06:06:54.150410','6','ИДЭРЭЭ ТАТАЖ ҮЗСЭН НЬ ДЭЭР ҮҮ?',1,'[{\"added\": {}}]',13,1),(299,'2019-07-31 06:07:04.359451','84','Асуулт',1,'[{\"added\": {}}]',12,1),(300,'2019-07-31 06:07:39.554831','85','Эрэгтэй дүр',1,'[{\"added\": {}}]',12,1),(301,'2019-07-31 06:07:57.203855','19','Сонголт түүний гарт ! Тиймээс татах санаагаа хаявал зохино.',1,'[{\"added\": {}}]',11,1),(302,'2019-07-31 06:08:02.728717','20','Хар тамхи хүний биед хортойг учир татахаас татгалз!',1,'[{\"added\": {}}]',11,1),(303,'2019-07-31 06:08:08.050504','21','Ганц татаад донтчихгүй дээ. Нэг удаа үз үз!',1,'[{\"added\": {}}]',11,1),(304,'2019-07-31 06:08:12.660683','22','Ганц л амьдрах хорвоо! Хүссэнээрээ л татаж үз.',1,'[{\"added\": {}}]',11,1),(305,'2019-07-31 06:08:51.219233','86','Зөвлөмж түүх',1,'[{\"added\": {}}]',12,1),(306,'2019-07-31 06:09:31.172702','87','Эмэгтэй дүр',1,'[{\"added\": {}}]',12,1),(307,'2019-07-31 06:09:58.491831','88','Зөвлөмж',1,'[{\"added\": {}}]',12,1),(308,'2019-07-31 06:10:32.570496','89','Нүдний шилтэй эмэгтэй',1,'[{\"added\": {}}]',12,1),(309,'2019-07-31 06:11:03.836596','90','Зөвлөмж',1,'[{\"added\": {}}]',12,1),(310,'2019-07-31 06:11:39.266270','91','Нүдний шилтэй эмэгтэй',1,'[{\"added\": {}}]',12,1),(311,'2019-07-31 06:16:42.850938','92','Зөвлөмж',1,'[{\"added\": {}}]',12,1),(312,'2019-07-31 06:17:29.218303','93','Цагдаа',1,'[{\"added\": {}}]',12,1),(313,'2019-07-31 06:17:49.917099','94','Зөвлөмж',1,'[{\"added\": {}}]',12,1),(314,'2019-07-31 06:18:28.082969','95','Эрэгтэй дүр 1',1,'[{\"added\": {}}]',12,1),(315,'2019-07-31 06:19:17.431097','96','Зөвлөмж',1,'[{\"added\": {}}]',12,1),(316,'2019-07-31 06:19:52.060643','97','Эрэгтэй дүр',1,'[{\"added\": {}}]',12,1),(317,'2019-07-31 06:20:17.133123','98','Зөвлөмж',1,'[{\"added\": {}}]',12,1),(318,'2019-07-31 06:21:03.953947','99','Эрэгтэй дүр',1,'[{\"added\": {}}]',12,1),(319,'2019-07-31 08:21:41.992083','13','Ideree 2.1',2,'[{\"changed\": {\"fields\": [\"next_step\"]}}]',14,1),(320,'2019-07-31 08:22:07.361732','14','Ideree 2.2',2,'[{\"changed\": {\"fields\": [\"prev_step\"]}}]',14,1),(321,'2019-07-31 08:22:21.208987','15','Ideree 2.3',2,'[{\"changed\": {\"fields\": [\"prev_step\"]}}]',14,1),(322,'2019-07-31 08:22:34.218398','16','Ideree 2.4',2,'[{\"changed\": {\"fields\": [\"prev_step\"]}}]',14,1),(323,'2019-07-31 08:23:16.084198','28','Ideree 3.8',2,'[{\"changed\": {\"fields\": [\"prev_step\"]}}]',14,1),(324,'2019-07-31 08:23:24.698860','17','Ideree 2.5',2,'[{\"changed\": {\"fields\": [\"prev_step\"]}}]',14,1),(325,'2019-07-31 08:23:31.651306','18','Ideree 2.6',2,'[{\"changed\": {\"fields\": [\"prev_step\"]}}]',14,1),(326,'2019-07-31 08:23:37.923871','19','Ideree 2.7',2,'[{\"changed\": {\"fields\": [\"prev_step\"]}}]',14,1),(327,'2019-07-31 08:23:42.860550','20','Ideree 2.8',2,'[{\"changed\": {\"fields\": [\"prev_step\"]}}]',14,1),(328,'2019-07-31 08:23:48.506217','21','Ideree 3.1',2,'[{\"changed\": {\"fields\": [\"prev_step\"]}}]',14,1),(329,'2019-07-31 08:23:53.577957','22','Ideree 3.2',2,'[{\"changed\": {\"fields\": [\"prev_step\"]}}]',14,1),(330,'2019-07-31 08:23:58.793460','23','Ideree 3.3',2,'[{\"changed\": {\"fields\": [\"prev_step\"]}}]',14,1),(331,'2019-07-31 08:24:03.856799','24','Ideree 3.4',2,'[{\"changed\": {\"fields\": [\"prev_step\"]}}]',14,1),(332,'2019-07-31 08:24:09.306202','25','Ideree 3.5',2,'[{\"changed\": {\"fields\": [\"prev_step\"]}}]',14,1),(333,'2019-07-31 08:24:14.671004','26','Ideree 3.6',2,'[{\"changed\": {\"fields\": [\"prev_step\"]}}]',14,1),(334,'2019-07-31 08:24:19.639793','27','Ideree 3.7',2,'[{\"changed\": {\"fields\": [\"prev_step\"]}}]',14,1),(335,'2019-07-31 08:24:27.234223','27','Ideree 3.7',2,'[]',14,1),(336,'2019-07-31 08:25:23.558383','52','Ideree 6.8',2,'[{\"changed\": {\"fields\": [\"prev_step\"]}}]',14,1),(337,'2019-07-31 08:25:32.240970','29','Ideree 4.1',2,'[{\"changed\": {\"fields\": [\"prev_step\"]}}]',14,1),(338,'2019-07-31 08:25:37.466050','30','Ideree 4.2',2,'[{\"changed\": {\"fields\": [\"prev_step\"]}}]',14,1),(339,'2019-07-31 08:25:42.898633','31','Ideree 4.3',2,'[{\"changed\": {\"fields\": [\"prev_step\"]}}]',14,1),(340,'2019-07-31 08:25:47.584818','32','Ideree 4.4',2,'[{\"changed\": {\"fields\": [\"prev_step\"]}}]',14,1),(341,'2019-07-31 08:25:52.440280','33','Ideree 4.5',2,'[{\"changed\": {\"fields\": [\"prev_step\"]}}]',14,1),(342,'2019-07-31 08:25:57.489709','34','Ideree 4.6',2,'[{\"changed\": {\"fields\": [\"prev_step\"]}}]',14,1),(343,'2019-07-31 08:26:03.845189','35','Ideree 4.7',2,'[{\"changed\": {\"fields\": [\"prev_step\"]}}]',14,1),(344,'2019-07-31 08:26:10.956378','36','Ideree 4.8',2,'[{\"changed\": {\"fields\": [\"prev_step\"]}}]',14,1),(345,'2019-07-31 08:26:15.849207','37','Ideree 5.1',2,'[{\"changed\": {\"fields\": [\"prev_step\"]}}]',14,1),(346,'2019-07-31 08:26:21.747596','38','Ideree 5.2',2,'[{\"changed\": {\"fields\": [\"prev_step\"]}}]',14,1),(347,'2019-07-31 08:26:28.867209','39','Ideree 5.3',2,'[{\"changed\": {\"fields\": [\"prev_step\"]}}]',14,1),(348,'2019-07-31 08:26:33.205281','40','Ideree 5.4',2,'[{\"changed\": {\"fields\": [\"prev_step\"]}}]',14,1),(349,'2019-07-31 08:26:38.718553','41','Ideree 5.5',2,'[{\"changed\": {\"fields\": [\"prev_step\"]}}]',14,1),(350,'2019-07-31 08:26:49.122029','42','Ideree 5.6',2,'[{\"changed\": {\"fields\": [\"prev_step\"]}}]',14,1),(351,'2019-07-31 08:26:53.609947','43','Ideree 5.7',2,'[{\"changed\": {\"fields\": [\"prev_step\"]}}]',14,1),(352,'2019-07-31 08:26:58.744907','44','Ideree 5.8',2,'[{\"changed\": {\"fields\": [\"prev_step\"]}}]',14,1),(353,'2019-07-31 08:27:02.959091','45','Ideree 6.1',2,'[{\"changed\": {\"fields\": [\"prev_step\"]}}]',14,1),(354,'2019-07-31 08:27:07.746273','46','Ideree 6.2',2,'[{\"changed\": {\"fields\": [\"prev_step\"]}}]',14,1),(355,'2019-07-31 08:27:14.102456','47','Ideree 6.3',2,'[{\"changed\": {\"fields\": [\"prev_step\"]}}]',14,1),(356,'2019-07-31 08:27:20.362323','48','Ideree 6.4',2,'[{\"changed\": {\"fields\": [\"prev_step\"]}}]',14,1),(357,'2019-07-31 08:27:25.019952','49','Ideree 6.5',2,'[{\"changed\": {\"fields\": [\"prev_step\"]}}]',14,1),(358,'2019-07-31 08:27:29.995931','50','Ideree 6.6',2,'[{\"changed\": {\"fields\": [\"prev_step\"]}}]',14,1),(359,'2019-07-31 08:27:35.047705','51','Ideree 6.7',2,'[{\"changed\": {\"fields\": [\"prev_step\"]}}]',14,1),(360,'2019-07-31 08:30:27.122961','8','Ideree 1.8',2,'[{\"changed\": {\"fields\": [\"prev_step\"]}}]',14,1),(361,'2019-07-31 08:30:47.615605','13','Ideree 2.1',2,'[{\"changed\": {\"fields\": [\"prev_step\"]}}]',14,1),(362,'2019-07-31 08:38:09.089670','1','Ideree 1.1',2,'[{\"changed\": {\"fields\": [\"next_step\"]}}]',14,1),(363,'2019-07-31 08:38:24.402676','2','Ideree 1.2',2,'[{\"changed\": {\"fields\": [\"next_step\"]}}]',14,1),(364,'2019-07-31 09:13:26.059733','16','Ideree 2.4',2,'[{\"changed\": {\"fields\": [\"next_step\"]}}]',14,1),(365,'2019-07-31 09:21:10.884301','12','Character 1',2,'[]',12,1),(366,'2019-07-31 09:25:49.561745','33','Зөвлөмж',2,'[{\"changed\": {\"fields\": [\"width\"]}}]',12,1),(367,'2019-07-31 09:27:46.718681','33','Зөвлөмж',2,'[{\"changed\": {\"fields\": [\"width\"]}}]',12,1),(368,'2019-07-31 09:33:32.184622','67','Түүх зөвлөмж',2,'[{\"changed\": {\"fields\": [\"width\"]}}]',12,1),(369,'2019-07-31 09:37:48.393440','88','Зөвлөмж',2,'[{\"changed\": {\"fields\": [\"width\"]}}]',12,1),(370,'2019-07-31 09:39:45.851104','90','Зөвлөмж',2,'[{\"changed\": {\"fields\": [\"width\"]}}]',12,1),(371,'2019-07-31 09:40:16.624964','42','Ideree 5.6',2,'[{\"changed\": {\"fields\": [\"next_step\"]}}]',14,1),(372,'2019-07-31 10:00:19.545315','2','Ideree 1.2',2,'[{\"changed\": {\"fields\": [\"next_step\"]}}]',14,1),(373,'2019-07-31 10:00:35.721580','3','Ideree 1.3',2,'[{\"changed\": {\"fields\": [\"next_step\", \"prev_step\"]}}]',14,1),(374,'2019-07-31 10:00:44.728030','2','Ideree 1.2',2,'[{\"changed\": {\"fields\": [\"prev_step\"]}}]',14,1),(375,'2019-07-31 10:00:57.966908','4','Ideree 1.4',2,'[{\"changed\": {\"fields\": [\"next_step\", \"prev_step\"]}}]',14,1),(376,'2019-07-31 10:01:13.384649','5','Ideree 1.5',2,'[{\"changed\": {\"fields\": [\"next_step\", \"prev_step\"]}}]',14,1),(377,'2019-07-31 10:01:21.894459','6','Ideree 1.6',2,'[{\"changed\": {\"fields\": [\"next_step\", \"prev_step\"]}}]',14,1),(378,'2019-07-31 10:01:31.345480','7','Ideree 1.7',2,'[{\"changed\": {\"fields\": [\"next_step\", \"prev_step\"]}}]',14,1),(379,'2019-07-31 10:01:41.262119','8','Ideree 1.8',2,'[{\"changed\": {\"fields\": [\"next_step\", \"prev_step\"]}}]',14,1),(380,'2019-07-31 10:01:51.724551','13','Ideree 2.1',2,'[{\"changed\": {\"fields\": [\"prev_step\"]}}]',14,1),(381,'2019-07-31 10:02:21.010020','14','Ideree 2.2',2,'[{\"changed\": {\"fields\": [\"next_step\", \"prev_step\"]}}]',14,1),(382,'2019-07-31 10:02:43.911269','8','Ideree 1.8',2,'[{\"changed\": {\"fields\": [\"next_step\"]}}]',14,1),(383,'2019-07-31 10:03:10.095977','15','Ideree 2.3',2,'[{\"changed\": {\"fields\": [\"next_step\", \"prev_step\"]}}]',14,1),(384,'2019-07-31 10:03:24.522606','17','Ideree 2.5',2,'[{\"changed\": {\"fields\": [\"next_step\", \"prev_step\"]}}]',14,1),(385,'2019-07-31 10:03:38.195081','18','Ideree 2.6',2,'[{\"changed\": {\"fields\": [\"next_step\", \"prev_step\"]}}]',14,1),(386,'2019-07-31 10:03:52.255608','19','Ideree 2.7',2,'[{\"changed\": {\"fields\": [\"next_step\", \"prev_step\"]}}]',14,1),(387,'2019-07-31 10:04:06.949303','20','Ideree 2.8',2,'[{\"changed\": {\"fields\": [\"next_step\", \"prev_step\"]}}]',14,1),(388,'2019-07-31 10:04:24.904154','21','Ideree 3.1',2,'[{\"changed\": {\"fields\": [\"next_step\", \"prev_step\"]}}]',14,1),(389,'2019-07-31 10:04:35.487297','22','Ideree 3.2',2,'[{\"changed\": {\"fields\": [\"next_step\", \"prev_step\"]}}]',14,1),(390,'2019-07-31 10:04:50.088713','23','Ideree 3.3',2,'[{\"changed\": {\"fields\": [\"next_step\", \"prev_step\"]}}]',14,1),(391,'2019-07-31 10:05:02.090640','24','Ideree 3.4',2,'[{\"changed\": {\"fields\": [\"next_step\", \"prev_step\"]}}]',14,1),(392,'2019-07-31 10:05:17.481721','25','Ideree 3.5',2,'[{\"changed\": {\"fields\": [\"next_step\", \"prev_step\"]}}]',14,1),(393,'2019-07-31 10:05:32.194054','26','Ideree 3.6',2,'[{\"changed\": {\"fields\": [\"next_step\", \"prev_step\"]}}]',14,1),(394,'2019-07-31 10:05:57.116673','28','Ideree 3.8',2,'[{\"changed\": {\"fields\": [\"next_step\", \"prev_step\"]}}]',14,1),(395,'2019-07-31 10:06:19.319688','27','Ideree 3.7',2,'[{\"changed\": {\"fields\": [\"next_step\", \"prev_step\"]}}]',14,1),(396,'2019-07-31 10:06:30.365500','29','Ideree 4.1',2,'[{\"changed\": {\"fields\": [\"next_step\", \"prev_step\"]}}]',14,1),(397,'2019-07-31 10:06:52.791927','30','Ideree 4.2',2,'[{\"changed\": {\"fields\": [\"next_step\", \"prev_step\"]}}]',14,1),(398,'2019-07-31 10:07:05.461610','31','Ideree 4.3',2,'[{\"changed\": {\"fields\": [\"next_step\", \"prev_step\"]}}]',14,1),(399,'2019-07-31 10:07:21.235530','32','Ideree 4.4',2,'[{\"changed\": {\"fields\": [\"next_step\", \"prev_step\"]}}]',14,1),(400,'2019-07-31 10:07:34.988121','33','Ideree 4.5',2,'[{\"changed\": {\"fields\": [\"next_step\", \"prev_step\"]}}]',14,1),(401,'2019-07-31 10:07:46.675604','34','Ideree 4.6',2,'[{\"changed\": {\"fields\": [\"next_step\", \"prev_step\"]}}]',14,1),(402,'2019-07-31 10:08:01.132017','35','Ideree 4.7',2,'[{\"changed\": {\"fields\": [\"next_step\", \"prev_step\"]}}]',14,1),(403,'2019-07-31 10:08:15.649342','36','Ideree 4.8',2,'[{\"changed\": {\"fields\": [\"next_step\", \"prev_step\"]}}]',14,1),(404,'2019-07-31 10:08:40.686089','37','Ideree 5.1',2,'[{\"changed\": {\"fields\": [\"next_step\", \"prev_step\"]}}]',14,1),(405,'2019-07-31 10:08:54.429681','38','Ideree 5.2',2,'[{\"changed\": {\"fields\": [\"next_step\", \"prev_step\"]}}]',14,1),(406,'2019-07-31 10:09:08.547651','39','Ideree 5.3',2,'[{\"changed\": {\"fields\": [\"next_step\", \"prev_step\"]}}]',14,1),(407,'2019-07-31 10:09:24.156999','40','Ideree 5.4',2,'[{\"changed\": {\"fields\": [\"next_step\", \"prev_step\"]}}]',14,1),(408,'2019-07-31 10:09:37.360951','41','Ideree 5.5',2,'[{\"changed\": {\"fields\": [\"next_step\", \"prev_step\"]}}]',14,1),(409,'2019-07-31 10:09:48.118996','42','Ideree 5.6',2,'[{\"changed\": {\"fields\": [\"prev_step\"]}}]',14,1),(410,'2019-07-31 10:10:23.153980','43','Ideree 5.7',2,'[{\"changed\": {\"fields\": [\"next_step\", \"prev_step\"]}}]',14,1),(411,'2019-07-31 10:10:29.844954','44','Ideree 5.8',2,'[{\"changed\": {\"fields\": [\"next_step\", \"prev_step\"]}}]',14,1),(412,'2019-07-31 10:10:36.733042','45','Ideree 6.1',2,'[{\"changed\": {\"fields\": [\"next_step\", \"prev_step\"]}}]',14,1),(413,'2019-07-31 10:10:44.308586','46','Ideree 6.2',2,'[{\"changed\": {\"fields\": [\"next_step\", \"prev_step\"]}}]',14,1),(414,'2019-07-31 10:10:55.782213','47','Ideree 6.3',2,'[{\"changed\": {\"fields\": [\"next_step\", \"prev_step\"]}}]',14,1),(415,'2019-07-31 10:11:02.514703','48','Ideree 6.4',2,'[{\"changed\": {\"fields\": [\"next_step\", \"prev_step\"]}}]',14,1),(416,'2019-07-31 10:11:11.565271','49','Ideree 6.5',2,'[{\"changed\": {\"fields\": [\"next_step\", \"prev_step\"]}}]',14,1),(417,'2019-07-31 10:11:19.485525','50','Ideree 6.6',2,'[{\"changed\": {\"fields\": [\"next_step\", \"prev_step\"]}}]',14,1),(418,'2019-07-31 10:11:28.486258','51','Ideree 6.7',2,'[{\"changed\": {\"fields\": [\"next_step\", \"prev_step\"]}}]',14,1),(419,'2019-07-31 10:11:36.768735','52','Ideree 6.8',2,'[{\"changed\": {\"fields\": [\"next_step\", \"prev_step\"]}}]',14,1),(420,'2019-07-31 10:12:02.413726','52','Ideree 6.8',2,'[{\"changed\": {\"fields\": [\"next_step\"]}}]',14,1),(421,'2019-08-05 08:52:54.496410','23','111',1,'[{\"added\": {}}]',11,1),(422,'2019-08-05 08:53:32.735913','23','111',3,'',11,1),(423,'2019-08-06 08:41:45.018841','1','Ideree 1.1',2,'[{\"changed\": {\"fields\": [\"background\"]}}]',14,1),(424,'2019-08-06 08:43:50.939835','2','Ideree 1.2',2,'[{\"changed\": {\"fields\": [\"background\"]}}]',14,1),(425,'2019-08-06 08:46:25.954749','3','Ideree 1.3',2,'[{\"changed\": {\"fields\": [\"background\"]}}]',14,1),(426,'2019-08-06 09:03:07.622402','4','Ideree 1.4',2,'[{\"changed\": {\"fields\": [\"background\"]}}]',14,1),(427,'2019-08-06 09:03:22.548944','5','Ideree 1.5',2,'[{\"changed\": {\"fields\": [\"background\"]}}]',14,1),(428,'2019-08-06 09:03:37.820929','6','Ideree 1.6',2,'[{\"changed\": {\"fields\": [\"background\"]}}]',14,1),(429,'2019-08-06 09:04:52.745297','7','Ideree 1.7',2,'[{\"changed\": {\"fields\": [\"background\"]}}]',14,1),(430,'2019-08-06 09:05:51.709629','8','Ideree 1.8',2,'[{\"changed\": {\"fields\": [\"background\"]}}]',14,1),(431,'2019-08-06 09:06:08.751976','13','Ideree 2.1',2,'[{\"changed\": {\"fields\": [\"background\"]}}]',14,1),(432,'2019-08-06 09:06:29.222534','14','Ideree 2.2',2,'[{\"changed\": {\"fields\": [\"background\"]}}]',14,1),(433,'2019-08-06 09:06:48.502228','15','Ideree 2.3',2,'[{\"changed\": {\"fields\": [\"background\"]}}]',14,1),(434,'2019-08-06 09:07:51.026844','16','Ideree 2.4',2,'[{\"changed\": {\"fields\": [\"background\"]}}]',14,1),(435,'2019-08-06 09:08:08.008729','17','Ideree 2.5',2,'[{\"changed\": {\"fields\": [\"background\"]}}]',14,1),(436,'2019-08-06 12:49:02.354024','1','Ideree 1.1',2,'[{\"changed\": {\"fields\": [\"background\"]}}]',14,1),(437,'2019-08-06 12:49:18.679580','2','Ideree 1.2',2,'[{\"changed\": {\"fields\": [\"background\"]}}]',14,1),(438,'2019-08-06 12:49:28.155957','3','Ideree 1.3',2,'[{\"changed\": {\"fields\": [\"background\"]}}]',14,1),(439,'2019-08-06 12:49:37.930127','4','Ideree 1.4',2,'[{\"changed\": {\"fields\": [\"background\"]}}]',14,1),(440,'2019-08-06 12:49:58.685528','5','Ideree 1.5',2,'[{\"changed\": {\"fields\": [\"background\"]}}]',14,1),(441,'2019-08-06 12:50:07.633142','6','Ideree 1.6',2,'[{\"changed\": {\"fields\": [\"background\"]}}]',14,1),(442,'2019-08-06 12:50:16.443844','7','Ideree 1.7',2,'[{\"changed\": {\"fields\": [\"background\"]}}]',14,1),(443,'2019-08-06 12:50:24.281272','8','Ideree 1.8',2,'[{\"changed\": {\"fields\": [\"background\"]}}]',14,1),(444,'2019-08-06 12:52:41.050843','13','Ideree 2.1',2,'[{\"changed\": {\"fields\": [\"background\"]}}]',14,1),(445,'2019-08-06 12:52:52.285016','14','Ideree 2.2',2,'[{\"changed\": {\"fields\": [\"background\"]}}]',14,1),(446,'2019-08-06 12:53:01.151278','15','Ideree 2.3',2,'[{\"changed\": {\"fields\": [\"background\"]}}]',14,1),(447,'2019-08-06 12:53:13.138778','16','Ideree 2.4',2,'[{\"changed\": {\"fields\": [\"background\"]}}]',14,1),(448,'2019-08-06 12:53:22.679410','17','Ideree 2.5',2,'[{\"changed\": {\"fields\": [\"background\"]}}]',14,1),(449,'2019-08-06 12:55:45.027068','18','Ideree 2.6',2,'[{\"changed\": {\"fields\": [\"background\"]}}]',14,1),(450,'2019-08-06 12:55:53.736979','19','Ideree 2.7',2,'[{\"changed\": {\"fields\": [\"background\"]}}]',14,1),(451,'2019-08-06 12:56:02.200837','20','Ideree 2.8',2,'[{\"changed\": {\"fields\": [\"background\"]}}]',14,1),(452,'2019-08-06 12:56:18.919122','21','Ideree 3.1',2,'[{\"changed\": {\"fields\": [\"background\"]}}]',14,1),(453,'2019-08-06 12:56:28.976719','22','Ideree 3.2',2,'[{\"changed\": {\"fields\": [\"background\"]}}]',14,1),(454,'2019-08-06 12:56:38.228407','23','Ideree 3.3',2,'[{\"changed\": {\"fields\": [\"background\"]}}]',14,1),(455,'2019-08-06 12:56:47.879774','24','Ideree 3.4',2,'[{\"changed\": {\"fields\": [\"background\"]}}]',14,1),(456,'2019-08-06 12:57:06.592379','25','Ideree 3.5',2,'[{\"changed\": {\"fields\": [\"background\"]}}]',14,1),(457,'2019-08-06 12:57:15.642964','26','Ideree 3.6',2,'[{\"changed\": {\"fields\": [\"background\"]}}]',14,1),(458,'2019-08-06 12:59:52.383460','21','Ideree 3.1',2,'[{\"changed\": {\"fields\": [\"background\"]}}]',14,1),(459,'2019-08-06 13:00:06.396209','22','Ideree 3.2',2,'[{\"changed\": {\"fields\": [\"background\"]}}]',14,1),(460,'2019-08-06 13:00:25.364424','23','Ideree 3.3',2,'[{\"changed\": {\"fields\": [\"background\"]}}]',14,1),(461,'2019-08-06 13:00:40.415280','24','Ideree 3.4',2,'[{\"changed\": {\"fields\": [\"background\"]}}]',14,1),(462,'2019-08-06 13:00:50.267420','25','Ideree 3.5',2,'[{\"changed\": {\"fields\": [\"background\"]}}]',14,1),(463,'2019-08-06 13:00:58.453927','26','Ideree 3.6',2,'[{\"changed\": {\"fields\": [\"background\"]}}]',14,1),(464,'2019-08-06 13:01:07.423829','27','Ideree 3.7',2,'[{\"changed\": {\"fields\": [\"background\"]}}]',14,1),(465,'2019-08-06 13:01:19.889154','28','Ideree 3.8',2,'[{\"changed\": {\"fields\": [\"background\"]}}]',14,1),(466,'2019-08-06 13:03:04.409283','29','Ideree 4.1',2,'[{\"changed\": {\"fields\": [\"background\"]}}]',14,1),(467,'2019-08-06 13:03:12.908754','30','Ideree 4.2',2,'[{\"changed\": {\"fields\": [\"background\"]}}]',14,1),(468,'2019-08-06 13:03:24.284705','31','Ideree 4.3',2,'[{\"changed\": {\"fields\": [\"background\"]}}]',14,1),(469,'2019-08-06 13:03:32.598352','32','Ideree 4.4',2,'[{\"changed\": {\"fields\": [\"background\"]}}]',14,1),(470,'2019-08-06 13:03:42.628098','33','Ideree 4.5',2,'[{\"changed\": {\"fields\": [\"background\"]}}]',14,1),(471,'2019-08-06 13:03:52.975634','34','Ideree 4.6',2,'[{\"changed\": {\"fields\": [\"background\"]}}]',14,1),(472,'2019-08-06 13:04:01.212630','35','Ideree 4.7',2,'[{\"changed\": {\"fields\": [\"background\"]}}]',14,1),(473,'2019-08-06 13:04:09.899472','36','Ideree 4.8',2,'[{\"changed\": {\"fields\": [\"background\"]}}]',14,1),(474,'2019-08-06 13:04:52.320391','37','Ideree 5.1',2,'[{\"changed\": {\"fields\": [\"background\"]}}]',14,1),(475,'2019-08-06 13:06:08.952706','37','Ideree 5.1',2,'[{\"changed\": {\"fields\": [\"background\"]}}]',14,1),(476,'2019-08-06 13:06:17.166387','38','Ideree 5.2',2,'[{\"changed\": {\"fields\": [\"background\"]}}]',14,1),(477,'2019-08-06 13:06:27.679086','39','Ideree 5.3',2,'[{\"changed\": {\"fields\": [\"background\"]}}]',14,1),(478,'2019-08-06 13:06:35.312383','40','Ideree 5.4',2,'[{\"changed\": {\"fields\": [\"background\"]}}]',14,1),(479,'2019-08-06 13:06:45.121837','41','Ideree 5.5',2,'[{\"changed\": {\"fields\": [\"background\"]}}]',14,1),(480,'2019-08-06 13:06:55.813579','42','Ideree 5.6',2,'[{\"changed\": {\"fields\": [\"background\"]}}]',14,1),(481,'2019-08-06 13:07:17.131154','43','Ideree 5.7',2,'[{\"changed\": {\"fields\": [\"background\"]}}]',14,1),(482,'2019-08-06 13:07:28.163726','44','Ideree 5.8',2,'[{\"changed\": {\"fields\": [\"background\"]}}]',14,1),(483,'2019-08-06 13:07:43.430670','45','Ideree 6.1',2,'[{\"changed\": {\"fields\": [\"background\"]}}]',14,1),(484,'2019-08-06 13:08:05.907745','46','Ideree 6.2',2,'[{\"changed\": {\"fields\": [\"background\"]}}]',14,1),(485,'2019-08-06 13:08:21.072581','47','Ideree 6.3',2,'[{\"changed\": {\"fields\": [\"background\"]}}]',14,1),(486,'2019-08-06 13:08:30.218691','48','Ideree 6.4',2,'[{\"changed\": {\"fields\": [\"background\"]}}]',14,1),(487,'2019-08-06 13:08:39.860517','49','Ideree 6.5',2,'[{\"changed\": {\"fields\": [\"background\"]}}]',14,1),(488,'2019-08-06 13:08:49.389636','51','Ideree 6.7',2,'[{\"changed\": {\"fields\": [\"background\"]}}]',14,1),(489,'2019-08-06 13:08:58.106362','52','Ideree 6.8',2,'[{\"changed\": {\"fields\": [\"background\"]}}]',14,1),(490,'2019-08-06 13:24:23.684911','6','Character',2,'[{\"changed\": {\"fields\": [\"content_image_s\", \"content_image_m\", \"content_image_l\"]}}]',12,1),(491,'2019-08-06 13:24:57.528898','10','Character 1',2,'[{\"changed\": {\"fields\": [\"content_image_s\", \"content_image_m\", \"content_image_l\"]}}]',12,1),(492,'2019-08-06 13:25:15.950921','11','Character 2',2,'[{\"changed\": {\"fields\": [\"content_image_s\", \"content_image_m\", \"content_image_l\"]}}]',12,1),(493,'2019-08-06 13:25:43.469000','12','Character 1',2,'[{\"changed\": {\"fields\": [\"content_image_s\", \"content_image_m\", \"content_image_l\"]}}]',12,1),(494,'2019-08-06 13:37:33.740452','6','Character',2,'[{\"changed\": {\"fields\": [\"content_image_s\", \"content_image_m\", \"content_image_l\"]}}]',12,1),(495,'2019-08-06 13:39:43.922874','6','Character',2,'[{\"changed\": {\"fields\": [\"content_image_s\", \"content_image_m\", \"content_image_l\"]}}]',12,1),(496,'2019-08-06 13:55:36.069070','6','Character',2,'[{\"changed\": {\"fields\": [\"content_image_s\", \"content_image_m\", \"content_image_l\"]}}]',12,1),(497,'2019-08-06 14:01:13.321628','1','Ideree 1.1',2,'[{\"changed\": {\"fields\": [\"background\"]}}]',14,1),(498,'2019-08-06 14:02:00.912187','1','Ideree 1.1',2,'[{\"changed\": {\"fields\": [\"background\"]}}]',14,1),(499,'2019-08-06 14:03:18.293572','1','Ideree 1.1',2,'[{\"changed\": {\"fields\": [\"background\"]}}]',14,1),(500,'2019-08-06 14:03:39.005129','1','Ideree 1.1',2,'[{\"changed\": {\"fields\": [\"background\"]}}]',14,1),(501,'2019-08-06 14:26:41.260523','3','Уухгүй хамт явж болно доо.',2,'[{\"changed\": {\"fields\": [\"step\"]}}]',11,1),(502,'2019-08-06 14:27:45.773178','4','Дэмий. Тэд нартай нийлэхгүй байлаа гээд яав л гэж дээ.',2,'[{\"changed\": {\"fields\": [\"step\"]}}]',11,1),(503,'2019-08-06 14:27:59.185839','5','Дандаа биш ганц гарахад зүгээр шүү дээ.',2,'[{\"changed\": {\"fields\": [\"step\"]}}]',11,1),(504,'2019-08-06 14:28:10.839816','6','Боломж шүү дээ! Найзуудтайгаа живэх хэрэгтэй!',2,'[{\"changed\": {\"fields\": [\"step\"]}}]',11,1),(505,'2019-08-06 14:30:04.957998','7','Архигүйгээр баярлаж болдгийг найзууддаа хэлэх хэрэгтэй.',2,'[{\"changed\": {\"fields\": [\"step\"]}}]',11,1),(506,'2019-08-06 14:30:19.156231','8','Найзыгаа бодоод эхний 2, 3-ыг амсаж болох л юм.',2,'[{\"changed\": {\"fields\": [\"step\"]}}]',11,1),(507,'2019-08-06 14:30:30.697571','9','Найзыгаа хүндлээд ууна гэж хэлсэн нь шулуухан.',2,'[{\"changed\": {\"fields\": [\"step\"]}}]',11,1),(508,'2019-08-06 14:30:40.612727','10','Боломж олдож байгаа дээр нь ууж сурах хэрэгтэй.',2,'[{\"changed\": {\"fields\": [\"step\"]}}]',11,1),(509,'2019-08-06 14:33:51.072152','11','Эртхэн харьсан нь хэн хэнд нь дээр.',2,'[{\"changed\": {\"fields\": [\"step\"]}}]',11,1),(510,'2019-08-06 14:34:04.459003','12','Өөрөө ч бас согтчихсон юм чинь татгалзах хэрэгтэй.',2,'[{\"changed\": {\"fields\": [\"step\"]}}]',11,1),(511,'2019-08-06 14:34:17.999040','13','Найзыгаа харих хүртэл нь хамт үлдсэн нь дээр.',2,'[{\"changed\": {\"fields\": [\"step\"]}}]',11,1),(512,'2019-08-06 14:35:44.792250','14','Шаравааг тасархыг нь хүлээж байгаад хаяаад явсан нь дээр.',2,'[{\"changed\": {\"fields\": [\"step\"]}}]',11,1),(513,'2019-08-06 14:37:33.724543','15','Найз нь юм чинь хар тамхинаас холдуулах үйлдэл хийх хэрэгтэй.',2,'[{\"changed\": {\"fields\": [\"step\"]}}]',11,1),(514,'2019-08-06 14:37:44.488547','16','Шараваад хар тамхины хор уршгыг хэлж ятгах хэрэгтэй.',2,'[{\"changed\": {\"fields\": [\"step\"]}}]',11,1),(515,'2019-08-06 14:37:52.651397','17','Шараваагийн л сонголт.  Тоолгүй орхих хэрэгтэй.',2,'[{\"changed\": {\"fields\": [\"step\"]}}]',11,1),(516,'2019-08-06 14:38:00.016607','18','Шараваа догь санагдаж байгаа болохоор хамт хэрэглэж үзнэ.',2,'[{\"changed\": {\"fields\": [\"step\"]}}]',11,1),(517,'2019-08-06 14:39:07.536995','19','Сонголт түүний гарт ! Тиймээс татах санаагаа хаявал зохино.',2,'[{\"changed\": {\"fields\": [\"step\"]}}]',11,1),(518,'2019-08-06 14:39:15.430573','20','Хар тамхи хүний биед хортойг учир татахаас татгалз!',2,'[{\"changed\": {\"fields\": [\"step\"]}}]',11,1),(519,'2019-08-06 14:39:25.732802','21','Ганц татаад донтчихгүй дээ. Нэг удаа үз үз!',2,'[{\"changed\": {\"fields\": [\"step\"]}}]',11,1),(520,'2019-08-06 14:40:00.842329','24','Ганц л амьдрах хорвоо! Хүссэнээрээ л татаж үз.',1,'[{\"added\": {}}]',11,1),(521,'2019-08-19 11:18:04.018557','1','Ideree 1.1',2,'[{\"changed\": {\"fields\": [\"background\"]}}]',14,1),(522,'2019-08-19 11:18:56.816634','46','Ideree 6.2',2,'[{\"changed\": {\"fields\": [\"background\"]}}]',14,1),(523,'2019-08-19 11:20:06.664469','8','Ideree 1.8',2,'[{\"changed\": {\"fields\": [\"background\"]}}]',14,1),(524,'2019-08-19 11:20:24.430921','20','Ideree 2.8',2,'[{\"changed\": {\"fields\": [\"background\"]}}]',14,1),(525,'2019-08-19 11:20:37.949613','28','Ideree 3.8',2,'[{\"changed\": {\"fields\": [\"background\"]}}]',14,1),(526,'2019-08-19 11:20:55.298701','36','Ideree 4.8',2,'[{\"changed\": {\"fields\": [\"background\"]}}]',14,1),(527,'2019-08-19 11:21:09.851462','44','Ideree 5.8',2,'[{\"changed\": {\"fields\": [\"background\"]}}]',14,1),(528,'2019-08-19 11:21:25.087561','52','Ideree 6.8',2,'[{\"changed\": {\"fields\": [\"background\"]}}]',14,1),(529,'2019-08-19 11:22:07.137909','3','Ideree 1.3',2,'[{\"changed\": {\"fields\": [\"background\"]}}]',14,1),(530,'2019-08-19 11:22:21.777350','15','Ideree 2.3',2,'[{\"changed\": {\"fields\": [\"background\"]}}]',14,1),(531,'2019-08-19 11:22:39.808732','23','Ideree 3.3',2,'[{\"changed\": {\"fields\": [\"background\"]}}]',14,1),(532,'2019-08-19 11:22:52.649146','31','Ideree 4.3',2,'[{\"changed\": {\"fields\": [\"background\"]}}]',14,1),(533,'2019-08-19 11:23:08.658398','39','Ideree 5.3',2,'[{\"changed\": {\"fields\": [\"background\"]}}]',14,1),(534,'2019-08-19 11:23:26.440078','47','Ideree 6.3',2,'[{\"changed\": {\"fields\": [\"background\"]}}]',14,1),(535,'2019-08-19 15:27:22.401093','6','Character',2,'[{\"changed\": {\"fields\": [\"content_image_l\"]}}]',12,1),(536,'2019-08-19 15:27:45.023212','10','Character 1',2,'[{\"changed\": {\"fields\": [\"content_image_l\"]}}]',12,1),(537,'2019-08-19 15:27:54.484947','11','Character 2',2,'[{\"changed\": {\"fields\": [\"content_image_l\"]}}]',12,1),(538,'2019-08-19 15:28:15.369620','12','Character 1',2,'[{\"changed\": {\"fields\": [\"content_image_l\"]}}]',12,1),(539,'2019-08-19 15:28:30.163737','14','Дүр',2,'[{\"changed\": {\"fields\": [\"content_image_l\"]}}]',12,1),(540,'2019-08-19 15:28:47.642582','16','Дүр эмэгтэй',2,'[{\"changed\": {\"fields\": [\"content_image_l\"]}}]',12,1),(541,'2019-08-19 15:30:19.774887','18','Дүр эрэгтэй',2,'[{\"changed\": {\"fields\": [\"content_image_l\"]}}]',12,1),(542,'2019-08-20 13:56:54.630063','14','Дүр',2,'[{\"changed\": {\"fields\": [\"content_image_l\"]}}]',12,1),(543,'2019-08-20 13:57:07.745705','14','Дүр',2,'[{\"changed\": {\"fields\": [\"content_image_s\", \"content_image_m\"]}}]',12,1),(544,'2019-08-20 13:57:40.264505','16','Дүр эмэгтэй',2,'[{\"changed\": {\"fields\": [\"content_image_s\", \"content_image_m\", \"content_image_l\"]}}]',12,1),(545,'2019-08-20 13:58:03.265265','18','Дүр эрэгтэй',2,'[{\"changed\": {\"fields\": [\"content_image_s\", \"content_image_m\", \"content_image_l\"]}}]',12,1),(546,'2019-08-20 13:58:26.649235','20','Дүр цагдаа',2,'[{\"changed\": {\"fields\": [\"content_image_s\", \"content_image_m\", \"content_image_l\"]}}]',12,1),(547,'2019-08-20 13:58:45.778351','22','Дүр эрэгтэй',2,'[{\"changed\": {\"fields\": [\"content_image_s\", \"content_image_m\", \"content_image_l\"]}}]',12,1),(548,'2019-08-20 13:59:15.096159','24','Дүр 1 эрэгтэй',2,'[{\"changed\": {\"fields\": [\"content_image_s\", \"content_image_m\", \"content_image_l\"]}}]',12,1),(549,'2019-08-20 13:59:29.784888','25','Дүр 2 эрэгтэй',2,'[{\"changed\": {\"fields\": [\"content_image_s\", \"content_image_m\", \"content_image_l\"]}}]',12,1),(550,'2019-08-20 13:59:55.332898','27','Дүр 1 эрэгтэй',2,'[{\"changed\": {\"fields\": [\"content_image_s\", \"content_image_m\", \"content_image_l\"]}}]',12,1),(551,'2019-08-20 14:00:08.854029','28','Дүр 2 эрэгтэй',2,'[{\"changed\": {\"fields\": [\"content_image_s\", \"content_image_m\", \"content_image_l\"]}}]',12,1),(552,'2019-08-20 14:00:33.931483','30','Дүр 1 эрэгтэй',2,'[{\"changed\": {\"fields\": [\"content_image_s\", \"content_image_m\", \"content_image_l\"]}}]',12,1),(553,'2019-08-20 14:00:59.548151','32','Дүр эмэгтэй',2,'[{\"changed\": {\"fields\": [\"content_image_s\", \"content_image_m\", \"content_image_l\"]}}]',12,1),(554,'2019-08-20 14:02:06.608453','34','Дүр эрэгтэй',2,'[{\"changed\": {\"fields\": [\"content_image_s\", \"content_image_m\", \"content_image_l\"]}}]',12,1),(555,'2019-08-20 14:02:25.925276','36','Дүр эмэгтэй',2,'[{\"changed\": {\"fields\": [\"content_image_s\", \"content_image_m\", \"content_image_l\"]}}]',12,1),(556,'2019-08-20 14:05:15.317549','38','Дүр цагдаа',2,'[{\"changed\": {\"fields\": [\"content_image_l\"]}}]',12,1),(557,'2019-08-20 14:05:31.649435','38','Дүр цагдаа',2,'[{\"changed\": {\"fields\": [\"content_image_s\", \"content_image_m\"]}}]',12,1),(558,'2019-08-20 14:05:53.533676','40','Дүр эрэгтэй',2,'[{\"changed\": {\"fields\": [\"content_image_s\", \"content_image_m\", \"content_image_l\"]}}]',12,1),(559,'2019-08-20 14:06:24.286077','42','Дүр эрэгтэй 1',2,'[{\"changed\": {\"fields\": [\"content_image_s\", \"content_image_m\", \"content_image_l\"]}}]',12,1),(560,'2019-08-20 14:07:15.957350','43','Дүр эрэгтэй 2',2,'[{\"changed\": {\"fields\": [\"content_image_l\"]}}]',12,1),(561,'2019-08-20 14:07:25.394296','43','Дүр эрэгтэй 2',2,'[{\"changed\": {\"fields\": [\"content_image_s\", \"content_image_m\"]}}]',12,1),(562,'2019-08-20 14:07:47.566625','45','Дүр эрэгтэй 1',2,'[{\"changed\": {\"fields\": [\"content_image_s\", \"content_image_m\", \"content_image_l\"]}}]',12,1),(563,'2019-08-20 14:08:10.014450','45','Дүр эрэгтэй 1',2,'[]',12,1),(564,'2019-08-20 14:08:22.674903','46','Дүр эрэгтэй 2',2,'[{\"changed\": {\"fields\": [\"content_image_s\", \"content_image_m\", \"content_image_l\"]}}]',12,1),(565,'2019-08-20 14:08:44.065441','47','Дүр 1 эрэгтэй',2,'[{\"changed\": {\"fields\": [\"content_image_s\", \"content_image_m\", \"content_image_l\"]}}]',12,1),(566,'2019-08-20 14:08:48.939051','47','Дүр 1 эрэгтэй',2,'[]',12,1),(567,'2019-08-20 14:09:12.628617','50','Дүр эмэгтэй  1',2,'[{\"changed\": {\"fields\": [\"content_image_s\", \"content_image_m\", \"content_image_l\"]}}]',12,1),(568,'2019-08-20 14:09:33.416825','52','Дүр сахалтай',2,'[{\"changed\": {\"fields\": [\"content_image_s\", \"content_image_m\", \"content_image_l\"]}}]',12,1),(569,'2019-08-20 14:09:35.498420','52','Дүр сахалтай',2,'[]',12,1),(570,'2019-08-20 14:09:55.558264','54','Сахалтай эрэгтэй',2,'[{\"changed\": {\"fields\": [\"content_image_s\", \"content_image_m\", \"content_image_l\"]}}]',12,1),(571,'2019-08-20 14:10:44.897315','56','Эмэгтэй дүр',2,'[{\"changed\": {\"fields\": [\"content_image_s\", \"content_image_m\", \"content_image_l\"]}}]',12,1),(572,'2019-08-20 14:10:46.843570','56','Эмэгтэй дүр',2,'[]',12,1),(573,'2019-08-20 14:11:05.119064','58','Эрэгтэй дүр',2,'[{\"changed\": {\"fields\": [\"content_image_s\", \"content_image_m\", \"content_image_l\"]}}]',12,1),(574,'2019-08-20 14:20:55.464468','66','Эрэгтэй дүр',2,'[{\"changed\": {\"fields\": [\"content_image_s\", \"content_image_m\", \"content_image_l\"]}}]',12,1),(575,'2019-08-20 14:20:58.901433','66','Эрэгтэй дүр',2,'[]',12,1),(576,'2019-08-20 14:21:17.741493','68','Сахалтай эрэгтэй',2,'[{\"changed\": {\"fields\": [\"content_image_s\", \"content_image_m\", \"content_image_l\"]}}]',12,1),(577,'2019-08-20 14:21:57.179850','70','Нүдний шилтэй эмэгтэй',2,'[{\"changed\": {\"fields\": [\"content_image_s\", \"content_image_m\", \"content_image_l\"]}}]',12,1),(578,'2019-08-20 14:22:19.940562','72','Нүдний шилгүй эмэгтэй',2,'[{\"changed\": {\"fields\": [\"content_image_s\", \"content_image_m\", \"content_image_l\"]}}]',12,1),(579,'2019-08-20 14:22:38.582009','74','Цагдаа',2,'[{\"changed\": {\"fields\": [\"content_image_s\", \"content_image_m\", \"content_image_l\"]}}]',12,1),(580,'2019-08-20 14:23:59.346520','79','Эрэгтэй дүр 1',2,'[{\"changed\": {\"fields\": [\"content_image_s\", \"content_image_m\", \"content_image_l\"]}}]',12,1),(581,'2019-08-20 14:24:17.923901','80','Эрэгтэй дүр 2',2,'[{\"changed\": {\"fields\": [\"content_image_s\", \"content_image_m\", \"content_image_l\"]}}]',12,1),(582,'2019-08-20 14:25:17.742920','82','Эрэгтэй дүр',2,'[{\"changed\": {\"fields\": [\"content_image_s\", \"content_image_m\", \"content_image_l\"]}}]',12,1),(583,'2019-08-20 14:25:34.341503','83','Эрэгтэй дүр 2',2,'[{\"changed\": {\"fields\": [\"content_image_s\", \"content_image_m\", \"content_image_l\"]}}]',12,1),(584,'2019-08-20 14:26:17.330800','85','Эрэгтэй дүр',2,'[{\"changed\": {\"fields\": [\"content_image_s\", \"content_image_m\", \"content_image_l\"]}}]',12,1),(585,'2019-08-20 14:26:52.568219','87','Эмэгтэй дүр',2,'[{\"changed\": {\"fields\": [\"content_image_s\", \"content_image_m\", \"content_image_l\"]}}]',12,1),(586,'2019-08-20 14:27:14.789293','89','Нүдний шилтэй эмэгтэй',2,'[{\"changed\": {\"fields\": [\"content_image_s\", \"content_image_m\", \"content_image_l\"]}}]',12,1),(587,'2019-08-20 14:27:46.439292','91','Нүдний шилтэй эмэгтэй',2,'[{\"changed\": {\"fields\": [\"content_image_s\", \"content_image_m\", \"content_image_l\"]}}]',12,1),(588,'2019-08-20 14:27:48.460074','91','Нүдний шилтэй эмэгтэй',2,'[]',12,1),(589,'2019-08-20 14:28:11.232894','93','Цагдаа',2,'[{\"changed\": {\"fields\": [\"content_image_s\", \"content_image_m\", \"content_image_l\"]}}]',12,1),(590,'2019-08-20 14:28:14.085186','93','Цагдаа',2,'[]',12,1),(591,'2019-08-20 14:28:35.706300','95','Эрэгтэй дүр 1',2,'[{\"changed\": {\"fields\": [\"content_image_s\", \"content_image_m\", \"content_image_l\"]}}]',12,1),(592,'2019-08-20 14:28:37.766482','95','Эрэгтэй дүр 1',2,'[]',12,1),(593,'2019-08-20 14:29:40.030851','97','Эрэгтэй дүр',2,'[{\"changed\": {\"fields\": [\"content_image_s\", \"content_image_m\", \"content_image_l\"]}}]',12,1),(594,'2019-08-20 14:30:15.234241','99','Эрэгтэй дүр',2,'[{\"changed\": {\"fields\": [\"content_image_s\", \"content_image_m\", \"content_image_l\"]}}]',12,1),(595,'2019-08-20 14:30:17.233563','99','Эрэгтэй дүр',2,'[]',12,1),(596,'2019-08-20 14:33:08.063855','7','ИДЭРЭЭ ЯАСАН НЬ ДЭЭР ВЭ?',1,'[{\"added\": {}}]',13,1),(597,'2019-08-20 14:33:36.017242','100','ИДЭРЭЭ ЯАСАН НЬ ДЭЭР ВЭ?',1,'[{\"added\": {}}]',12,1),(598,'2019-08-20 14:33:59.702068','25','Бие нь муу харагдаж байна. Хурдан эмнэлэг дуудах хэрэгтэй.',1,'[{\"added\": {}}]',11,1),(599,'2019-08-20 14:34:02.559419','25','Бие нь муу харагдаж байна. Хурдан эмнэлэг дуудах хэрэгтэй.',2,'[]',11,1),(600,'2019-08-20 14:34:16.883711','26','Пабын хүмүүсд уурлаж Шаравааг зүгээр болго гэж хэлнэ.',1,'[{\"added\": {}}]',11,1),(601,'2019-08-20 14:35:05.954014','27','Юу ч хийлгүй. Зүгээр болтол нь хүлээсэн нь дээр.',1,'[{\"added\": {}}]',11,1),(602,'2019-08-20 14:35:18.689901','28','Буруудахаасаа өмнө Шаравааг орхиод гэрлүүгээ явсан нь дээр.',1,'[{\"added\": {}}]',11,1),(603,'2019-08-20 14:35:32.530842','26','Пабын хүмүүсд уурлаж Шаравааг зүгээр болго гэж хэлнэ.',2,'[{\"changed\": {\"fields\": [\"step\"]}}]',11,1),(604,'2019-08-20 14:35:38.294390','25','Бие нь муу харагдаж байна. Хурдан эмнэлэг дуудах хэрэгтэй.',2,'[{\"changed\": {\"fields\": [\"step\"]}}]',11,1),(605,'2019-08-20 14:36:48.698237','101','Дүр эрэгтэй',1,'[{\"added\": {}}]',12,1),(606,'2019-08-20 14:39:20.182559','102','Энэ магадгүй хамгийн зөв сонголт байх. Найз чинь одоохондоо чамд гомдож болох ч хойшдын амьдралыг нь',1,'[{\"added\": {}}]',12,1),(607,'2019-08-20 14:40:06.182455','103','Багш',1,'[{\"added\": {}}]',12,1),(608,'2019-08-20 14:40:51.914371','104','Сандарснаасаа болоод мэдээж ингэж байх. Гэхдээ ингээд ямар 1 тустай зүйл болно гэж үү?',1,'[{\"added\": {}}]',12,1),(609,'2019-08-20 14:41:28.130543','105','Багш залуу эмэгтэй',1,'[{\"added\": {}}]',12,1),(610,'2019-08-20 14:41:56.871955','106','Хэрвээ Шараваагийн эрүүл мэндэд ноцтой аюул учирвал яах болж байна аа? Зүгээр болохгүй бол яахав?',1,'[{\"added\": {}}]',12,1),(611,'2019-08-20 14:42:38.150990','107','Багш сахалтай эрэгтэй',1,'[{\"added\": {}}]',12,1),(612,'2019-08-20 14:43:10.456449','108','Анхнаасаа энэ үр дүнд хүрэхгүй байхын тул яах хэрэгтэй бол? Нэгэнт ямар 1 үйлдэл аль хэдийн хийсэн б',1,'[{\"added\": {}}]',12,1),(613,'2019-08-20 14:43:51.540293','109','Багш залуу эмэгтэй',1,'[{\"added\": {}}]',12,1),(614,'2019-08-20 14:44:30.260824','110','Идэрээ найзынхаа ийм үйлдлийг хараад маш их сандарч, буруу зүйл хийх гэж байхад нь хориглоогүйдээ ма',1,'[{\"added\": {}}]',12,1),(615,'2019-08-20 14:45:07.249752','111','Идэрээ өөрөө',1,'[{\"added\": {}}]',12,1),(616,'2019-08-20 14:47:06.072380','9','Найзыгаа хүндлээд ууна гэж хэлсэн нь шулуухан.',2,'[{\"changed\": {\"fields\": [\"step\"]}}]',11,1);
/*!40000 ALTER TABLE `django_admin_log` ENABLE KEYS */;
UNLOCK TABLES;

--
-- Table structure for table `django_content_type`
--

DROP TABLE IF EXISTS `django_content_type`;
/*!40101 SET @saved_cs_client     = @@character_set_client */;
 SET character_set_client = utf8mb4 ;
CREATE TABLE `django_content_type` (
  `id` int(11) NOT NULL AUTO_INCREMENT,
  `app_label` varchar(100) NOT NULL,
  `model` varchar(100) NOT NULL,
  PRIMARY KEY (`id`),
  UNIQUE KEY `django_content_type_app_label_model_76bd3d3b_uniq` (`app_label`,`model`)
) ENGINE=InnoDB AUTO_INCREMENT=22 DEFAULT CHARSET=utf8mb4;
/*!40101 SET character_set_client = @saved_cs_client */;

--
-- Dumping data for table `django_content_type`
--

LOCK TABLES `django_content_type` WRITE;
/*!40000 ALTER TABLE `django_content_type` DISABLE KEYS */;
INSERT INTO `django_content_type` VALUES (1,'admin','logentry'),(3,'auth','group'),(2,'auth','permission'),(6,'authtoken','token'),(4,'contenttypes','contenttype'),(19,'corsheaders','corsmodel'),(16,'oauth2_provider','accesstoken'),(15,'oauth2_provider','application'),(17,'oauth2_provider','grant'),(18,'oauth2_provider','refreshtoken'),(5,'sessions','session'),(11,'story','answer'),(12,'story','content'),(13,'story','question'),(20,'story','story'),(14,'story','storystep'),(21,'story','userstory'),(8,'user','character'),(10,'user','characterimage'),(7,'user','lhuser'),(9,'user','lifehackoauthapplication');
/*!40000 ALTER TABLE `django_content_type` ENABLE KEYS */;
UNLOCK TABLES;

--
-- Table structure for table `django_migrations`
--

DROP TABLE IF EXISTS `django_migrations`;
/*!40101 SET @saved_cs_client     = @@character_set_client */;
 SET character_set_client = utf8mb4 ;
CREATE TABLE `django_migrations` (
  `id` int(11) NOT NULL AUTO_INCREMENT,
  `app` varchar(255) NOT NULL,
  `name` varchar(255) NOT NULL,
  `applied` datetime(6) NOT NULL,
  PRIMARY KEY (`id`)
) ENGINE=InnoDB AUTO_INCREMENT=66 DEFAULT CHARSET=utf8mb4;
/*!40101 SET character_set_client = @saved_cs_client */;

--
-- Dumping data for table `django_migrations`
--

LOCK TABLES `django_migrations` WRITE;
/*!40000 ALTER TABLE `django_migrations` DISABLE KEYS */;
INSERT INTO `django_migrations` VALUES (1,'contenttypes','0001_initial','2019-06-26 05:38:18.122407'),(2,'contenttypes','0002_remove_content_type_name','2019-06-26 05:38:18.159402'),(3,'auth','0001_initial','2019-06-26 05:38:18.209961'),(4,'auth','0002_alter_permission_name_max_length','2019-06-26 05:38:18.288567'),(5,'auth','0003_alter_user_email_max_length','2019-06-26 05:38:18.297662'),(6,'auth','0004_alter_user_username_opts','2019-06-26 05:38:18.307611'),(7,'auth','0005_alter_user_last_login_null','2019-06-26 05:38:18.315257'),(8,'auth','0006_require_contenttypes_0002','2019-06-26 05:38:18.318125'),(9,'auth','0007_alter_validators_add_error_messages','2019-06-26 05:38:18.326251'),(10,'auth','0008_alter_user_username_max_length','2019-06-26 05:38:18.334191'),(11,'auth','0009_alter_user_last_name_max_length','2019-06-26 05:38:18.343331'),(12,'auth','0010_alter_group_name_max_length','2019-06-26 05:38:18.359731'),(13,'auth','0011_update_proxy_permissions','2019-06-26 05:38:18.368342'),(14,'user','0001_initial','2019-06-26 05:38:18.461366'),(15,'admin','0001_initial','2019-06-26 05:38:18.555970'),(16,'admin','0002_logentry_remove_auto_add','2019-06-26 05:38:18.591602'),(17,'admin','0003_logentry_add_action_flag_choices','2019-06-26 05:38:18.601799'),(18,'authtoken','0001_initial','2019-06-26 05:38:18.624586'),(19,'authtoken','0002_auto_20160226_1747','2019-06-26 05:38:18.707560'),(20,'oauth2_provider','0001_initial','2019-06-26 05:42:28.724727'),(21,'oauth2_provider','0002_08_updates','2019-06-26 05:42:29.031886'),(22,'oauth2_provider','0003_auto_20160316_1503','2019-06-26 05:42:29.127277'),(23,'oauth2_provider','0004_auto_20160525_1623','2019-06-26 05:42:29.295721'),(24,'oauth2_provider','0005_auto_20170514_1141','2019-06-26 05:42:30.208545'),(25,'oauth2_provider','0006_auto_20171214_2232','2019-06-26 05:42:30.394887'),(26,'sessions','0001_initial','2019-06-26 05:42:30.424262'),(27,'story','0001_initial','2019-06-26 05:42:30.524307'),(28,'story','0002_auto_20190626_0542','2019-06-26 05:42:30.602550'),(29,'user','0002_auto_20190626_0543','2019-06-26 05:43:08.584971'),(30,'user','0003_auto_20190626_0545','2019-06-26 05:45:49.662448'),(31,'user','0004_auto_20190626_0546','2019-06-26 05:46:40.643337'),(32,'user','0005_auto_20190626_0801','2019-06-26 08:01:29.738853'),(33,'user','0006_auto_20190626_0934','2019-06-26 09:34:10.463885'),(34,'story','0003_auto_20190626_1038','2019-06-26 10:38:26.540268'),(35,'story','0004_auto_20190626_1310','2019-06-26 13:10:57.085946'),(36,'story','0005_auto_20190627_0327','2019-06-27 03:28:03.402291'),(37,'story','0006_content_content_image','2019-06-27 04:30:55.106992'),(38,'story','0007_auto_20190627_0447','2019-06-27 04:47:22.176859'),(39,'story','0008_remove_content_characters','2019-06-27 04:49:54.485503'),(40,'story','0009_auto_20190627_0455','2019-06-27 04:55:39.357502'),(41,'story','0010_auto_20190627_0502','2019-06-27 05:02:58.287731'),(42,'story','0011_userstory','2019-07-02 08:49:10.152885'),(43,'story','0012_auto_20190702_1124','2019-07-05 09:08:00.065602'),(44,'story','0013_auto_20190703_0704','2019-07-05 09:08:00.112720'),(45,'story','0014_auto_20190704_1122','2019-07-05 09:08:00.294516'),(46,'user','0007_auto_20190704_1128','2019-07-05 09:08:00.376077'),(47,'user','0008_auto_20190705_0907','2019-07-05 09:08:00.384586'),(48,'user','0009_character_avatar','2019-07-06 13:10:41.084466'),(49,'user','0010_auto_20190706_1325','2019-07-06 13:25:13.362318'),(50,'user','0011_auto_20190706_1340','2019-07-06 13:40:33.210150'),(51,'user','0012_auto_20190707_1204','2019-07-07 12:04:40.024266'),(52,'story','0015_auto_20190707_1205','2019-07-07 12:05:24.564944'),(53,'story','0016_auto_20190708_0101','2019-07-08 01:01:36.578124'),(54,'user','0013_auto_20190708_0101','2019-07-08 01:01:36.826315'),(55,'story','0017_story_is_publish','2019-07-18 04:42:17.013265'),(56,'user','0014_auto_20190718_0442','2019-07-18 04:42:17.026475'),(57,'story','0018_auto_20190718_0447','2019-07-18 04:47:29.897669'),(58,'story','0019_userstory_type','2019-07-19 03:51:02.515126'),(59,'story','0020_userstory_answer','2019-07-19 03:53:56.895303'),(60,'story','0021_auto_20190719_0353','2019-07-19 03:53:57.054993'),(61,'story','0022_auto_20190719_0541','2019-07-19 05:41:21.743666'),(62,'user','0015_lhuser_profile_img','2019-07-19 10:24:40.691675'),(63,'story','0023_storystep_order_num','2019-07-22 15:19:42.668124'),(64,'story','0024_auto_20190728_0717','2019-07-28 07:17:09.249010'),(65,'story','0025_auto_20190805_0831','2019-08-05 08:31:13.776464');
/*!40000 ALTER TABLE `django_migrations` ENABLE KEYS */;
UNLOCK TABLES;

--
-- Table structure for table `django_session`
--

DROP TABLE IF EXISTS `django_session`;
/*!40101 SET @saved_cs_client     = @@character_set_client */;
 SET character_set_client = utf8mb4 ;
CREATE TABLE `django_session` (
  `session_key` varchar(40) NOT NULL,
  `session_data` longtext NOT NULL,
  `expire_date` datetime(6) NOT NULL,
  PRIMARY KEY (`session_key`),
  KEY `django_session_expire_date_a5c62663` (`expire_date`)
) ENGINE=InnoDB DEFAULT CHARSET=utf8mb4;
/*!40101 SET character_set_client = @saved_cs_client */;

--
-- Dumping data for table `django_session`
--

LOCK TABLES `django_session` WRITE;
/*!40000 ALTER TABLE `django_session` DISABLE KEYS */;
INSERT INTO `django_session` VALUES ('3885guip26j3ugfmkqq8vhbv60krdh2n','MDY3YWZiZTc4ZTZlYTY3YjdlODFhNWZhMWE3ZDM1OWNlNzZmM2I3YTp7Il9hdXRoX3VzZXJfaWQiOiIxIiwiX2F1dGhfdXNlcl9iYWNrZW5kIjoiZGphbmdvLmNvbnRyaWIuYXV0aC5iYWNrZW5kcy5Nb2RlbEJhY2tlbmQiLCJfYXV0aF91c2VyX2hhc2giOiI0MmQzYTA0Y2E4ZjI2ZmNjMWFjMDM2MTMxNzFkMGE1MmIxZTlkZWJlIn0=','2019-08-02 09:59:11.806726'),('5svgdh00m7dz8e651pc6eu7goixzxhv9','MDY3YWZiZTc4ZTZlYTY3YjdlODFhNWZhMWE3ZDM1OWNlNzZmM2I3YTp7Il9hdXRoX3VzZXJfaWQiOiIxIiwiX2F1dGhfdXNlcl9iYWNrZW5kIjoiZGphbmdvLmNvbnRyaWIuYXV0aC5iYWNrZW5kcy5Nb2RlbEJhY2tlbmQiLCJfYXV0aF91c2VyX2hhc2giOiI0MmQzYTA0Y2E4ZjI2ZmNjMWFjMDM2MTMxNzFkMGE1MmIxZTlkZWJlIn0=','2019-07-16 08:55:32.550148'),('6rhdr3gjo3e2mkua6i2v4i2k6mk704ae','ZmE0OTgxYmM4ZDI4NDQzM2FkMzRhNzIzNTBjY2U3ZGRiYTNjNjlhNjp7Il9hdXRoX3VzZXJfaGFzaCI6IjJkNzM1NzQyMWEyYzhmNWQ2MjE3MzNlYThlMTFiYTY3NDcyN2E2NTMiLCJfYXV0aF91c2VyX2JhY2tlbmQiOiJkamFuZ28uY29udHJpYi5hdXRoLmJhY2tlbmRzLk1vZGVsQmFja2VuZCIsIl9hdXRoX3VzZXJfaWQiOiIxIn0=','2019-08-29 09:17:47.891291'),('747h5g48gpcqwiu2yspei61d4w07bo1j','MDY3YWZiZTc4ZTZlYTY3YjdlODFhNWZhMWE3ZDM1OWNlNzZmM2I3YTp7Il9hdXRoX3VzZXJfaWQiOiIxIiwiX2F1dGhfdXNlcl9iYWNrZW5kIjoiZGphbmdvLmNvbnRyaWIuYXV0aC5iYWNrZW5kcy5Nb2RlbEJhY2tlbmQiLCJfYXV0aF91c2VyX2hhc2giOiI0MmQzYTA0Y2E4ZjI2ZmNjMWFjMDM2MTMxNzFkMGE1MmIxZTlkZWJlIn0=','2019-07-15 09:10:49.071128'),('8vy8c13xyv2vglhe57c5juf8rpvg1xjb','ZmE0OTgxYmM4ZDI4NDQzM2FkMzRhNzIzNTBjY2U3ZGRiYTNjNjlhNjp7Il9hdXRoX3VzZXJfaGFzaCI6IjJkNzM1NzQyMWEyYzhmNWQ2MjE3MzNlYThlMTFiYTY3NDcyN2E2NTMiLCJfYXV0aF91c2VyX2JhY2tlbmQiOiJkamFuZ28uY29udHJpYi5hdXRoLmJhY2tlbmRzLk1vZGVsQmFja2VuZCIsIl9hdXRoX3VzZXJfaWQiOiIxIn0=','2019-09-02 10:58:25.378569'),('c7r2mfduwrwfzmmrsdjs905fjgpvczsu','MDY3YWZiZTc4ZTZlYTY3YjdlODFhNWZhMWE3ZDM1OWNlNzZmM2I3YTp7Il9hdXRoX3VzZXJfaWQiOiIxIiwiX2F1dGhfdXNlcl9iYWNrZW5kIjoiZGphbmdvLmNvbnRyaWIuYXV0aC5iYWNrZW5kcy5Nb2RlbEJhY2tlbmQiLCJfYXV0aF91c2VyX2hhc2giOiI0MmQzYTA0Y2E4ZjI2ZmNjMWFjMDM2MTMxNzFkMGE1MmIxZTlkZWJlIn0=','2019-08-20 08:36:50.325902'),('cjwi30iwnu8ld113u2o2l76sa2vgz110','MDY3YWZiZTc4ZTZlYTY3YjdlODFhNWZhMWE3ZDM1OWNlNzZmM2I3YTp7Il9hdXRoX3VzZXJfaWQiOiIxIiwiX2F1dGhfdXNlcl9iYWNrZW5kIjoiZGphbmdvLmNvbnRyaWIuYXV0aC5iYWNrZW5kcy5Nb2RlbEJhY2tlbmQiLCJfYXV0aF91c2VyX2hhc2giOiI0MmQzYTA0Y2E4ZjI2ZmNjMWFjMDM2MTMxNzFkMGE1MmIxZTlkZWJlIn0=','2019-07-31 15:45:23.954123'),('cziwh2wjfxzcw3ev72583nqfow719mtr','MDY3YWZiZTc4ZTZlYTY3YjdlODFhNWZhMWE3ZDM1OWNlNzZmM2I3YTp7Il9hdXRoX3VzZXJfaWQiOiIxIiwiX2F1dGhfdXNlcl9iYWNrZW5kIjoiZGphbmdvLmNvbnRyaWIuYXV0aC5iYWNrZW5kcy5Nb2RlbEJhY2tlbmQiLCJfYXV0aF91c2VyX2hhc2giOiI0MmQzYTA0Y2E4ZjI2ZmNjMWFjMDM2MTMxNzFkMGE1MmIxZTlkZWJlIn0=','2019-07-12 04:22:02.128784'),('n58qre5djr65m39r9236vyazembam6n8','MDY3YWZiZTc4ZTZlYTY3YjdlODFhNWZhMWE3ZDM1OWNlNzZmM2I3YTp7Il9hdXRoX3VzZXJfaWQiOiIxIiwiX2F1dGhfdXNlcl9iYWNrZW5kIjoiZGphbmdvLmNvbnRyaWIuYXV0aC5iYWNrZW5kcy5Nb2RlbEJhY2tlbmQiLCJfYXV0aF91c2VyX2hhc2giOiI0MmQzYTA0Y2E4ZjI2ZmNjMWFjMDM2MTMxNzFkMGE1MmIxZTlkZWJlIn0=','2019-07-10 05:47:16.357746'),('r4wikyqvwxz0iismnjer2odfyop7g78p','MDY3YWZiZTc4ZTZlYTY3YjdlODFhNWZhMWE3ZDM1OWNlNzZmM2I3YTp7Il9hdXRoX3VzZXJfaWQiOiIxIiwiX2F1dGhfdXNlcl9iYWNrZW5kIjoiZGphbmdvLmNvbnRyaWIuYXV0aC5iYWNrZW5kcy5Nb2RlbEJhY2tlbmQiLCJfYXV0aF91c2VyX2hhc2giOiI0MmQzYTA0Y2E4ZjI2ZmNjMWFjMDM2MTMxNzFkMGE1MmIxZTlkZWJlIn0=','2019-08-14 12:09:13.723486'),('rq0vwpowseqzle74casuvzha76nu1aep','ZmE0OTgxYmM4ZDI4NDQzM2FkMzRhNzIzNTBjY2U3ZGRiYTNjNjlhNjp7Il9hdXRoX3VzZXJfaGFzaCI6IjJkNzM1NzQyMWEyYzhmNWQ2MjE3MzNlYThlMTFiYTY3NDcyN2E2NTMiLCJfYXV0aF91c2VyX2JhY2tlbmQiOiJkamFuZ28uY29udHJpYi5hdXRoLmJhY2tlbmRzLk1vZGVsQmFja2VuZCIsIl9hdXRoX3VzZXJfaWQiOiIxIn0=','2019-08-28 12:07:26.200400'),('w4mz10rarswxlw37qwiq82dien9paeon','MDY3YWZiZTc4ZTZlYTY3YjdlODFhNWZhMWE3ZDM1OWNlNzZmM2I3YTp7Il9hdXRoX3VzZXJfaWQiOiIxIiwiX2F1dGhfdXNlcl9iYWNrZW5kIjoiZGphbmdvLmNvbnRyaWIuYXV0aC5iYWNrZW5kcy5Nb2RlbEJhY2tlbmQiLCJfYXV0aF91c2VyX2hhc2giOiI0MmQzYTA0Y2E4ZjI2ZmNjMWFjMDM2MTMxNzFkMGE1MmIxZTlkZWJlIn0=','2019-08-20 08:27:31.580681'),('wrpueazhoyh4x6g3m0m5yln0w6yvu1au','MDY3YWZiZTc4ZTZlYTY3YjdlODFhNWZhMWE3ZDM1OWNlNzZmM2I3YTp7Il9hdXRoX3VzZXJfaWQiOiIxIiwiX2F1dGhfdXNlcl9iYWNrZW5kIjoiZGphbmdvLmNvbnRyaWIuYXV0aC5iYWNrZW5kcy5Nb2RlbEJhY2tlbmQiLCJfYXV0aF91c2VyX2hhc2giOiI0MmQzYTA0Y2E4ZjI2ZmNjMWFjMDM2MTMxNzFkMGE1MmIxZTlkZWJlIn0=','2019-07-24 06:38:53.775335'),('xveyxlgyw1df0u8gxqd2kpuo7wfyrwqt','MDY3YWZiZTc4ZTZlYTY3YjdlODFhNWZhMWE3ZDM1OWNlNzZmM2I3YTp7Il9hdXRoX3VzZXJfaWQiOiIxIiwiX2F1dGhfdXNlcl9iYWNrZW5kIjoiZGphbmdvLmNvbnRyaWIuYXV0aC5iYWNrZW5kcy5Nb2RlbEJhY2tlbmQiLCJfYXV0aF91c2VyX2hhc2giOiI0MmQzYTA0Y2E4ZjI2ZmNjMWFjMDM2MTMxNzFkMGE1MmIxZTlkZWJlIn0=','2019-08-08 00:27:10.404168');
/*!40000 ALTER TABLE `django_session` ENABLE KEYS */;
UNLOCK TABLES;

--
-- Table structure for table `oauth2_provider_accesstoken`
--

DROP TABLE IF EXISTS `oauth2_provider_accesstoken`;
/*!40101 SET @saved_cs_client     = @@character_set_client */;
 SET character_set_client = utf8mb4 ;
CREATE TABLE `oauth2_provider_accesstoken` (
  `id` bigint(20) NOT NULL AUTO_INCREMENT,
  `token` varchar(255) NOT NULL,
  `expires` datetime(6) NOT NULL,
  `scope` longtext NOT NULL,
  `application_id` bigint(20) DEFAULT NULL,
  `user_id` int(11) DEFAULT NULL,
  `created` datetime(6) NOT NULL,
  `updated` datetime(6) NOT NULL,
  `source_refresh_token_id` bigint(20) DEFAULT NULL,
  PRIMARY KEY (`id`),
  UNIQUE KEY `oauth2_provider_accesstoken_token_8af090f8_uniq` (`token`),
  UNIQUE KEY `source_refresh_token_id` (`source_refresh_token_id`),
  KEY `oauth2_provider_accesstoken_user_id_6e4c9a65_fk_user_lhuser_id` (`user_id`),
  KEY `oauth2_provider_accesstoken_application_id_b22886e1_fk` (`application_id`),
  CONSTRAINT `oauth2_provider_acce_source_refresh_token_e66fbc72_fk_oauth2_pr` FOREIGN KEY (`source_refresh_token_id`) REFERENCES `oauth2_provider_refreshtoken` (`id`),
  CONSTRAINT `oauth2_provider_accesstoken_application_id_b22886e1_fk` FOREIGN KEY (`application_id`) REFERENCES `oauth2_provider_application` (`id`),
  CONSTRAINT `oauth2_provider_accesstoken_user_id_6e4c9a65_fk_user_lhuser_id` FOREIGN KEY (`user_id`) REFERENCES `user_lhuser` (`id`)
) ENGINE=InnoDB AUTO_INCREMENT=86 DEFAULT CHARSET=utf8mb4;
/*!40101 SET character_set_client = @saved_cs_client */;

--
-- Dumping data for table `oauth2_provider_accesstoken`
--

LOCK TABLES `oauth2_provider_accesstoken` WRITE;
/*!40000 ALTER TABLE `oauth2_provider_accesstoken` DISABLE KEYS */;
INSERT INTO `oauth2_provider_accesstoken` VALUES (1,'b7db0b7674603dd2b7bfeeffd5918f19466d0d09','2039-06-26 05:57:08.000000','',4,1,'2019-06-26 05:57:14.293294','2019-07-01 09:54:23.499796',NULL),(9,'ZR4SXNp2ildyLCTW2IapFZLKjxiZvm','2019-07-08 10:04:04.619389','read write',4,1,'2019-07-01 10:04:04.619859','2019-07-01 10:04:04.619878',NULL),(10,'0ENYKnsseDlVUbKQwOJeSaJXAJHENy','2019-07-08 13:43:07.226578','read write',4,1,'2019-07-01 13:43:07.227239','2019-07-01 13:43:07.227346',NULL),(11,'NFxAAa3l7Jm7ps44nkCvdxWDeONyeK','2019-07-09 01:12:56.693512','read write',4,1,'2019-07-02 01:12:56.694182','2019-07-02 01:12:56.694204',NULL),(12,'nQ1J59ujzTCsQ3DhzBYym5DEFMX7tW','2019-07-09 01:12:57.962388','read write',4,1,'2019-07-02 01:12:57.962758','2019-07-02 01:12:57.962776',NULL),(13,'glz9MzMPqupe4IMyNQKnU8uxiS1VWU','2019-07-09 07:02:03.576906','read write',4,1,'2019-07-02 07:02:03.578242','2019-07-02 07:02:03.578277',NULL),(14,'NBc1EznGoQ630iFEhvGl1CVlK0Mmav','2019-07-09 08:57:12.344713','read write',4,1,'2019-07-02 08:57:12.345153','2019-07-02 08:57:12.345169',NULL),(15,'4iACbuGjYKKTslUKBcxgKDxiLXb9TV','2019-07-12 11:02:20.720946','read write',4,1,'2019-07-05 11:02:20.721607','2019-07-05 11:02:20.721637',NULL),(16,'H4kN4YLOjy5w36rorLmbYQ0gH1S3LI','2019-07-12 11:03:20.181790','read write',4,1,'2019-07-05 11:03:20.182412','2019-07-05 11:03:20.182447',NULL),(17,'vAu3dOLneEVgr2DaUcPankUhxE9QGL','2019-07-15 07:06:02.993308','read write',4,1,'2019-07-08 07:06:02.994030','2019-07-08 07:06:02.994060',NULL),(18,'h7aj5Vy8v5qm99hdL5h50NHPzkWfBX','2019-07-15 07:06:04.580662','read write',4,1,'2019-07-08 07:06:04.581174','2019-07-08 07:06:04.581200',NULL),(19,'vJ0lMhjXkC2oJwahvEJSsXxFR99vok','2019-07-17 08:00:09.162952','read write',4,1,'2019-07-10 08:00:09.163469','2019-07-10 08:00:09.163486',NULL),(20,'VOTkwkLqBGSdPjgwtuMldEihJQTAdc','2019-07-23 09:47:06.344774','read write',4,1,'2019-07-16 09:47:06.345465','2019-07-16 09:47:06.345497',NULL),(21,'L50wucsOz998oW8Mm7vBGpZKRH0pnB','2019-07-24 15:31:54.091874','read write',4,1,'2019-07-17 15:31:54.092324','2019-07-17 15:31:54.092341',NULL),(22,'nl1lPVpwTDJlVYlRBvUUS5t3rlOCZz','2019-07-24 15:31:56.076919','read write',4,1,'2019-07-17 15:31:56.077277','2019-07-17 15:31:56.077293',NULL),(23,'cMegVgSV6UqQScF9VbU26nInscY6Vc','2019-07-26 10:21:38.866834','read write',4,1,'2019-07-19 10:21:38.870178','2019-07-19 10:21:38.870287',NULL),(24,'Y5sYu1etu14nedeK4224AQKpJkH0Nv','2019-07-26 16:44:31.879313','read write',4,1,'2019-07-19 16:44:31.880538','2019-07-19 16:44:31.880574',NULL),(25,'NH94B9JLEKrf0emLskyjWEC8Fdw92P','2019-07-26 16:44:31.897384','read write',4,1,'2019-07-19 16:44:31.900341','2019-07-19 16:44:31.900834',NULL),(26,'8MtlGvBxCRCwiydQSnInKtw657CUMT','2019-07-28 07:50:03.727553','read write',4,1,'2019-07-21 07:50:03.730517','2019-07-21 07:50:03.730539',NULL),(27,'pU5fSwVI4tRgWAtw1CTl5lfIrd4RCE','2019-07-28 07:50:03.733999','read write',4,1,'2019-07-21 07:50:03.734353','2019-07-21 07:50:03.734371',NULL),(28,'RcqjbFx5f2UySb9B30eP7SMpqGu76p','2019-07-28 07:53:20.296872','read write',4,1,'2019-07-21 07:53:20.297307','2019-07-21 07:53:20.297325',NULL),(29,'ceYKjWMip9jgpvRyIuZgByfQpuxCXx','2019-07-28 07:55:51.734023','read write',4,1,'2019-07-21 07:55:51.734561','2019-07-21 07:55:51.734582',NULL),(30,'Hi5XbJia7Dm7cD25dMHxpy5PRBxmOW','2019-07-29 16:13:10.855297','read write',4,1,'2019-07-22 16:13:10.855841','2019-07-22 16:13:10.855860',NULL),(31,'2yLJiBjF9DXbnbDbHx3VBdgzGNzql5','2019-07-29 16:13:10.882477','read write',4,1,'2019-07-22 16:13:10.882939','2019-07-22 16:13:10.882959',NULL),(32,'s9LupxgbDUOtSE8qK9NhxJX4TfMtci','2019-07-30 11:22:35.952956','read write',4,1,'2019-07-23 11:22:35.954709','2019-07-23 11:22:35.954732',NULL),(33,'yy4PDNaYhgsNk6GHizZyi4JHco8uff','2019-07-30 11:27:42.400468','read write',4,1,'2019-07-23 11:27:42.402793','2019-07-23 11:27:42.402817',NULL),(34,'RoUlimKfmLQcXB3sugW6xf1zWoUP9f','2019-07-30 11:50:00.526160','read write',4,1,'2019-07-23 11:50:00.526562','2019-07-23 11:50:00.526579',NULL),(35,'VtRpVB99XSqmddQWWRNDJOPh8HJo5v','2019-07-31 07:31:39.368846','read write',4,1,'2019-07-24 07:31:39.369388','2019-07-24 07:31:39.369409',NULL),(36,'H3WaZLqS7otTOHLffOsgY6q3qrXnDu','2019-08-01 00:27:15.841813','read write',4,1,'2019-07-25 00:27:15.842781','2019-07-25 00:27:15.842811',NULL),(37,'M056LV3zG4ml5kWX94PVcZz5XZo71F','2019-08-01 00:27:42.252909','read write',4,1,'2019-07-25 00:27:42.253887','2019-07-25 00:27:42.253909',NULL),(38,'aNTX4NqeqMaQNyAz4WvDfWQK0Ak4g2','2019-08-01 02:39:02.166354','read write',4,1,'2019-07-25 02:39:02.169537','2019-07-25 02:39:02.169640',NULL),(39,'XqfmihRBEP4C8CexWkSr0pmPAtvoub','2019-08-01 02:39:27.961809','read write',4,1,'2019-07-25 02:39:27.964012','2019-07-25 02:39:27.964110',NULL),(40,'R1lrM7w4iVgjxrxLOQ9u3r4l4ZkwCG','2019-08-01 02:40:48.323231','read write',4,1,'2019-07-25 02:40:48.325849','2019-07-25 02:40:48.325988',NULL),(41,'lLtOEZsbzFnw2VFT13iCIlGr9A3OoI','2019-08-01 02:41:44.551796','read write',4,1,'2019-07-25 02:41:44.554941','2019-07-25 02:41:44.555049',NULL),(42,'cpLpyrVNJPjEQtU5YAjFNhKakhH99Y','2019-08-01 02:42:30.319876','read write',4,1,'2019-07-25 02:42:30.323244','2019-07-25 02:42:30.323351',NULL),(43,'Ent6wAipqiG7lhpZfU2oBPARPHdUtN','2019-08-01 02:43:37.267606','read write',4,1,'2019-07-25 02:43:37.269813','2019-07-25 02:43:37.269911',NULL),(44,'ExlYAlUE4HahCPGGqjyCJ8VeqRA9mF','2019-08-01 02:46:50.407541','read write',4,1,'2019-07-25 02:46:50.410200','2019-07-25 02:46:50.410305',NULL),(45,'waylIqqTrB14xyB6XBZajYLVaBVxU3','2019-08-01 03:26:14.037469','read write',4,1,'2019-07-25 03:26:14.039968','2019-07-25 03:26:14.040067',NULL),(46,'szCBRLZfFGijWuNavnsFvNsPcjik6M','2019-08-01 03:27:23.177358','read write',4,1,'2019-07-25 03:27:23.181963','2019-07-25 03:27:23.182086',NULL),(47,'G5FOp8Zre3dzyw8ADpfFx4vswEUCIL','2019-08-01 03:28:05.970459','read write',4,1,'2019-07-25 03:28:05.972727','2019-07-25 03:28:05.972826',NULL),(48,'4XL5zrLPIgHJHvuMWctHRzuSDxq7C6','2019-08-01 06:17:55.655682','read write',4,1,'2019-07-25 06:17:55.662090','2019-07-25 06:17:55.662250',NULL),(49,'G3ckOnJMW4h8GYf1LZmvR55wz2KKa0','2019-08-01 06:18:45.303509','read write',4,1,'2019-07-25 06:18:45.308934','2019-07-25 06:18:45.309136',NULL),(50,'hTkJMxODefxIE7xFixdUuQuzOkeXCj','2019-08-01 06:20:42.704029','read write',4,1,'2019-07-25 06:20:42.706777','2019-07-25 06:20:42.706880',NULL),(51,'8w6qnrlze0QjfsPpE6ExldQGluPFhM','2019-08-01 06:22:41.550865','read write',4,1,'2019-07-25 06:22:41.554448','2019-07-25 06:22:41.554611',NULL),(52,'PK0xVGCz0CXIESshxdt37SqRCfjatK','2019-08-01 06:23:07.249205','read write',4,1,'2019-07-25 06:23:07.251425','2019-07-25 06:23:07.251526',NULL),(53,'oVzZaZbN9igztsAlgxYMtcp3RXyvW8','2019-08-01 06:23:39.214238','read write',4,1,'2019-07-25 06:23:39.216759','2019-07-25 06:23:39.216859',NULL),(54,'PnOhVROSzSCJAKCWsUlowkYUuHOt5S','2019-08-01 06:24:01.514783','read write',4,1,'2019-07-25 06:24:01.517752','2019-07-25 06:24:01.517857',NULL),(55,'nOeFrNVE0UbIcEFsWcVCdwdtSBFEIF','2019-08-01 06:26:03.612262','read write',4,1,'2019-07-25 06:26:03.614482','2019-07-25 06:26:03.614581',NULL),(56,'ATumc3McTdN69oZuBgjYJxxQqLPlgT','2019-08-04 09:58:12.913447','read write',4,1,'2019-07-28 09:58:12.914816','2019-07-28 09:58:12.914842',NULL),(57,'FIXJ8tzSRYom3Ah1rzmQgp2sh0NI2b','2019-08-06 16:12:25.058146','read write',26,1,'2019-07-30 16:12:25.060020','2019-07-30 16:12:25.060119',NULL),(58,'QtkWDUEoGOec8FTPIGYvCQjLijh9QS','2019-08-06 16:17:52.746884','read write',27,1,'2019-07-30 16:17:52.748437','2019-07-30 16:17:52.748528',NULL),(59,'WpynJDG3iUiZJfg1r8Yz0BiPTZtMGR','2019-08-06 16:21:38.702783','read write',27,1,'2019-07-30 16:21:38.705740','2019-07-30 16:21:38.705908',NULL),(60,'GB7KpPulEf4rDbCzokbaO5xomKsyHR','2019-08-06 16:42:07.138925','read write',4,1,'2019-07-30 16:42:07.142976','2019-07-30 16:42:07.143110',NULL),(61,'Yn7OZzermvPQnu5wyeTzsYkcRPdfCf','2019-08-06 16:42:27.308291','read write',32,1,'2019-07-30 16:42:27.310090','2019-07-30 16:42:27.310167',NULL),(62,'PNCfnS6U3llzZEOIbpC3IkDrifJwWw','2019-08-06 16:42:41.132046','read write',32,51,'2019-07-30 16:42:41.135693','2019-07-30 16:42:41.135742',NULL),(63,'hzSBoISms8pJlEerBlUP53TXBlAEVv','2019-08-06 16:46:20.696743','read write',33,52,'2019-07-30 16:46:20.700763','2019-07-30 16:46:20.700884',NULL),(64,'86hPGx2swqAyUCUfwoStsO4sh3HQMf','2019-08-07 02:07:06.452852','read write',4,1,'2019-07-31 02:07:06.454615','2019-07-31 02:07:06.454647',NULL),(65,'TdyIOXkkNnKPAFZGXz9VyNlocnytDq','2019-08-07 09:22:53.517125','read write',4,1,'2019-07-31 09:22:53.518051','2019-07-31 09:22:53.518083',NULL),(66,'nouMgRZKQWj2JiE7AVJUBlRYybIthT','2019-08-07 09:30:59.318018','read write',4,1,'2019-07-31 09:30:59.319670','2019-07-31 09:30:59.319698',NULL),(67,'b1gKdyNxA17ORte3WXvxTLToRntKRP','2019-08-07 09:36:18.970012','read write',4,1,'2019-07-31 09:36:18.971062','2019-07-31 09:36:18.971099',NULL),(68,'g9o9X4vaCZvYCn81p1qrXzkU8ckPUc','2019-08-07 09:38:49.927986','read write',4,1,'2019-07-31 09:38:49.928674','2019-07-31 09:38:49.928713',NULL),(69,'IANJBU15bsBbQucdW4fL0Y7IMpcjlm','2019-08-07 09:41:11.313443','read write',4,1,'2019-07-31 09:41:11.314930','2019-07-31 09:41:11.314952',NULL),(70,'E9DZcBjSm4pRARwWZWjDl64yw44ODp','2019-08-07 10:12:22.640339','read write',4,1,'2019-07-31 10:12:22.640987','2019-07-31 10:12:22.641008',NULL),(71,'7iyJTo4ZJ9NlUD0Y4UUhNopv6l7whH','2019-08-07 10:21:13.433619','read write',4,1,'2019-07-31 10:21:13.435645','2019-07-31 10:21:13.435673',NULL),(72,'2WXTFNqtviL6pjZ8MwLUBXESfUhpDZ','2019-08-07 12:17:10.416709','read write',4,1,'2019-07-31 12:17:10.417335','2019-07-31 12:17:10.417353',NULL),(73,'LVJYA3lsi45lMLKvGVZG4bRyuz9Jsw','2019-08-07 12:49:58.789297','read write',4,1,'2019-07-31 12:49:58.790005','2019-07-31 12:49:58.790026',NULL),(74,'sryERTscZvXRPYagHIPZBm0GN9awGZ','2019-08-07 12:53:52.021058','read write',4,1,'2019-07-31 12:53:52.021603','2019-07-31 12:53:52.021621',NULL),(75,'Wb4Xa7P446zkQmEfKai87nOzcC0Wlj','2019-08-07 13:09:09.535739','read write',4,1,'2019-07-31 13:09:09.537478','2019-07-31 13:09:09.537501',NULL),(76,'JuwiVdgLlAUfv7PYxNPI3MOLQlOv5E','2019-08-07 13:24:24.352027','read write',4,1,'2019-07-31 13:24:24.352606','2019-07-31 13:24:24.352627',NULL),(77,'IvG18LL39BTurLl1ys2EE07Iw91OlB','2019-08-07 13:31:39.663012','read write',4,1,'2019-07-31 13:31:39.663463','2019-07-31 13:31:39.663480',NULL),(78,'tda97zMPhaPgysjbnUqmHxFRaNlhcc','2019-08-13 09:32:35.716323','read write',4,1,'2019-08-06 09:32:35.718246','2019-08-06 09:32:35.718269',NULL),(79,'B6g793VXq54zWCd4o1ceeDlya2yrpo','2019-08-13 13:26:09.496329','read write',4,1,'2019-08-06 13:26:09.496968','2019-08-06 13:26:09.496987',NULL),(80,'YUPwbfnzwLDZlYRr5qUT0oWrAXTgvu','2019-08-13 13:31:43.578875','read write',4,1,'2019-08-06 13:31:43.580487','2019-08-06 13:31:43.580535',NULL),(81,'7yr4gRG5kYl19kzMuhKxUhuvTlnbeV','2019-08-13 13:38:19.797006','read write',4,1,'2019-08-06 13:38:19.800653','2019-08-06 13:38:19.800690',NULL),(82,'uLxvsK7lDXtGlid8AusKqxSWLbGHID','2019-08-13 13:41:50.357108','read write',4,1,'2019-08-06 13:41:50.359058','2019-08-06 13:41:50.359080',NULL),(83,'UvjG0eE17bT0i4pdNV0sUL9zKC64Fz','2019-08-13 13:56:27.730017','read write',4,1,'2019-08-06 13:56:27.731912','2019-08-06 13:56:27.731947',NULL),(84,'YyA259nCdED5XD4n3igbSdVgLReLDX','2019-08-13 13:58:39.484364','read write',4,1,'2019-08-06 13:58:39.488799','2019-08-06 13:58:39.488847',NULL),(85,'Ty2WahklEcP9ZSG40dmwahW2vNg4TY','2019-08-13 14:04:22.808648','read write',4,1,'2019-08-06 14:04:22.810588','2019-08-06 14:04:22.810627',NULL);
/*!40000 ALTER TABLE `oauth2_provider_accesstoken` ENABLE KEYS */;
UNLOCK TABLES;

--
-- Table structure for table `oauth2_provider_application`
--

DROP TABLE IF EXISTS `oauth2_provider_application`;
/*!40101 SET @saved_cs_client     = @@character_set_client */;
 SET character_set_client = utf8mb4 ;
CREATE TABLE `oauth2_provider_application` (
  `id` bigint(20) NOT NULL AUTO_INCREMENT,
  `client_id` varchar(100) NOT NULL,
  `redirect_uris` longtext NOT NULL,
  `client_type` varchar(32) NOT NULL,
  `authorization_grant_type` varchar(32) NOT NULL,
  `client_secret` varchar(255) NOT NULL,
  `name` varchar(255) NOT NULL,
  `user_id` int(11) DEFAULT NULL,
  `skip_authorization` tinyint(1) NOT NULL,
  `created` datetime(6) NOT NULL,
  `updated` datetime(6) NOT NULL,
  PRIMARY KEY (`id`),
  UNIQUE KEY `client_id` (`client_id`),
  KEY `oauth2_provider_application_client_secret_53133678` (`client_secret`),
  KEY `oauth2_provider_application_user_id_79829054_fk_user_lhuser_id` (`user_id`),
  CONSTRAINT `oauth2_provider_application_user_id_79829054_fk_user_lhuser_id` FOREIGN KEY (`user_id`) REFERENCES `user_lhuser` (`id`)
) ENGINE=InnoDB DEFAULT CHARSET=utf8mb4;
/*!40101 SET character_set_client = @saved_cs_client */;

--
-- Dumping data for table `oauth2_provider_application`
--

LOCK TABLES `oauth2_provider_application` WRITE;
/*!40000 ALTER TABLE `oauth2_provider_application` DISABLE KEYS */;
/*!40000 ALTER TABLE `oauth2_provider_application` ENABLE KEYS */;
UNLOCK TABLES;

--
-- Table structure for table `oauth2_provider_grant`
--

DROP TABLE IF EXISTS `oauth2_provider_grant`;
/*!40101 SET @saved_cs_client     = @@character_set_client */;
 SET character_set_client = utf8mb4 ;
CREATE TABLE `oauth2_provider_grant` (
  `id` bigint(20) NOT NULL AUTO_INCREMENT,
  `code` varchar(255) NOT NULL,
  `expires` datetime(6) NOT NULL,
  `redirect_uri` varchar(255) NOT NULL,
  `scope` longtext NOT NULL,
  `application_id` bigint(20) NOT NULL,
  `user_id` int(11) NOT NULL,
  `created` datetime(6) NOT NULL,
  `updated` datetime(6) NOT NULL,
  PRIMARY KEY (`id`),
  UNIQUE KEY `oauth2_provider_grant_code_49ab4ddf_uniq` (`code`),
  KEY `oauth2_provider_grant_application_id_81923564_fk` (`application_id`),
  KEY `oauth2_provider_grant_user_id_e8f62af8_fk_user_lhuser_id` (`user_id`),
  CONSTRAINT `oauth2_provider_grant_application_id_81923564_fk` FOREIGN KEY (`application_id`) REFERENCES `oauth2_provider_application` (`id`),
  CONSTRAINT `oauth2_provider_grant_user_id_e8f62af8_fk_user_lhuser_id` FOREIGN KEY (`user_id`) REFERENCES `user_lhuser` (`id`)
) ENGINE=InnoDB DEFAULT CHARSET=utf8mb4;
/*!40101 SET character_set_client = @saved_cs_client */;

--
-- Dumping data for table `oauth2_provider_grant`
--

LOCK TABLES `oauth2_provider_grant` WRITE;
/*!40000 ALTER TABLE `oauth2_provider_grant` DISABLE KEYS */;
/*!40000 ALTER TABLE `oauth2_provider_grant` ENABLE KEYS */;
UNLOCK TABLES;

--
-- Table structure for table `oauth2_provider_refreshtoken`
--

DROP TABLE IF EXISTS `oauth2_provider_refreshtoken`;
/*!40101 SET @saved_cs_client     = @@character_set_client */;
 SET character_set_client = utf8mb4 ;
CREATE TABLE `oauth2_provider_refreshtoken` (
  `id` bigint(20) NOT NULL AUTO_INCREMENT,
  `token` varchar(255) NOT NULL,
  `access_token_id` bigint(20) DEFAULT NULL,
  `application_id` bigint(20) NOT NULL,
  `user_id` int(11) NOT NULL,
  `created` datetime(6) NOT NULL,
  `updated` datetime(6) NOT NULL,
  `revoked` datetime(6) DEFAULT NULL,
  PRIMARY KEY (`id`),
  UNIQUE KEY `access_token_id` (`access_token_id`),
  UNIQUE KEY `oauth2_provider_refreshtoken_token_revoked_af8a5134_uniq` (`token`,`revoked`),
  KEY `oauth2_provider_refreshtoken_application_id_2d1c311b_fk` (`application_id`),
  KEY `oauth2_provider_refreshtoken_user_id_da837fce_fk_user_lhuser_id` (`user_id`),
  CONSTRAINT `oauth2_provider_refr_access_token_id_775e84e8_fk_oauth2_pr` FOREIGN KEY (`access_token_id`) REFERENCES `oauth2_provider_accesstoken` (`id`),
  CONSTRAINT `oauth2_provider_refreshtoken_application_id_2d1c311b_fk` FOREIGN KEY (`application_id`) REFERENCES `oauth2_provider_application` (`id`),
  CONSTRAINT `oauth2_provider_refreshtoken_user_id_da837fce_fk_user_lhuser_id` FOREIGN KEY (`user_id`) REFERENCES `user_lhuser` (`id`)
) ENGINE=InnoDB AUTO_INCREMENT=86 DEFAULT CHARSET=utf8mb4;
/*!40101 SET character_set_client = @saved_cs_client */;

--
-- Dumping data for table `oauth2_provider_refreshtoken`
--

LOCK TABLES `oauth2_provider_refreshtoken` WRITE;
/*!40000 ALTER TABLE `oauth2_provider_refreshtoken` DISABLE KEYS */;
INSERT INTO `oauth2_provider_refreshtoken` VALUES (9,'zeirMgEHn5V6GVMSR9vlBDJF0oU64p',9,4,1,'2019-07-01 10:04:04.620865','2019-07-01 10:04:04.620894',NULL),(10,'WlCpFAOBPG4YYOTgcgv17rJuEGqo1c',10,4,1,'2019-07-01 13:43:07.238915','2019-07-01 13:43:07.238955',NULL),(11,'3DQaKk0ns2AUmtXn5Wqd8hF4itMo16',11,4,1,'2019-07-02 01:12:56.721514','2019-07-02 01:12:56.721571',NULL),(12,'sNAZtzQGU5wFTJVmayduVTLE4xe24Z',12,4,1,'2019-07-02 01:12:57.973232','2019-07-02 01:12:57.973268',NULL),(13,'nmuatWz2C27MYPrFPGSWqoV1wyujFe',13,4,1,'2019-07-02 07:02:03.584741','2019-07-02 07:02:03.584793',NULL),(14,'DzBFaxBRIe6IbQilTHUDcq8hxq1Xnb',14,4,1,'2019-07-02 08:57:12.346191','2019-07-02 08:57:12.346221',NULL),(15,'V4YLKt81ByerO9d4yIpm4lwP8k5QdD',15,4,1,'2019-07-05 11:02:20.723396','2019-07-05 11:02:20.723445',NULL),(16,'9ldSzGWPdZC1Dc3OSoy6JfsgmVaisy',16,4,1,'2019-07-05 11:03:20.183622','2019-07-05 11:03:20.183682',NULL),(17,'avaYWmEu996HOus4tDjBqhUyHGHB87',17,4,1,'2019-07-08 07:06:03.000511','2019-07-08 07:06:03.000552',NULL),(18,'RWltKEmACKxTQsxSqQ0z4ttlm5eSSm',18,4,1,'2019-07-08 07:06:04.582286','2019-07-08 07:06:04.582318',NULL),(19,'Fb29Bqt4rRj1hd0wQ9LkEjjFN2apRn',19,4,1,'2019-07-10 08:00:09.175169','2019-07-10 08:00:09.175225',NULL),(20,'kUfNjUZfF9VYTjsg3k04PNCFaO3jnz',20,4,1,'2019-07-16 09:47:06.348210','2019-07-16 09:47:06.348264',NULL),(21,'sb6voiTcafDnwWogwdMJVUJ00u4y20',21,4,1,'2019-07-17 15:31:54.102607','2019-07-17 15:31:54.102663',NULL),(22,'HpaqFEEHaljvMVRO5kQYaYiRW7p2x9',22,4,1,'2019-07-17 15:31:56.087270','2019-07-17 15:31:56.087372',NULL),(23,'WQzbkLhXvnHBN6k3nufY5aUHcnqEfu',23,4,1,'2019-07-19 10:21:38.881664','2019-07-19 10:21:38.881786',NULL),(24,'YlmYhFCvDtFAJXupOmYVrjHSXYBCkp',24,4,1,'2019-07-19 16:44:31.912385','2019-07-19 16:44:31.912449',NULL),(25,'a474gzqCsCkZbY8wXMFfbNt9b5ovtP',25,4,1,'2019-07-19 16:44:31.914156','2019-07-19 16:44:31.914321',NULL),(26,'mQi4R5jhedSFXae4641QUKUzjTz0wO',27,4,1,'2019-07-21 07:50:03.740327','2019-07-21 07:50:03.740357',NULL),(27,'urYJicJ9VR262Zvu5NESfdhpNfwJVe',26,4,1,'2019-07-21 07:50:03.739364','2019-07-21 07:50:03.739422',NULL),(28,'e6ADNqlY9tYGFuD2YXRHvS9Qp7vejB',28,4,1,'2019-07-21 07:53:20.307295','2019-07-21 07:53:20.307348',NULL),(29,'Ds7LvWCktpdZvXiKPsfqdkYVkXDjNF',29,4,1,'2019-07-21 07:55:51.744747','2019-07-21 07:55:51.744838',NULL),(30,'coGbjnxexh9v0qf7alAbQVegxGimwJ',30,4,1,'2019-07-22 16:13:10.857901','2019-07-22 16:13:10.857947',NULL),(31,'r2GlGw27OJc52ORk4yOPfiRvqIj5KS',31,4,1,'2019-07-22 16:13:10.884292','2019-07-22 16:13:10.884324',NULL),(32,'JZse38RAbAZHweWeI9iwhfAwopXtAG',32,4,1,'2019-07-23 11:22:36.002488','2019-07-23 11:22:36.002536',NULL),(33,'rM9UEN2JWKEwcxENdZzceOrmYL2PiT',33,4,1,'2019-07-23 11:27:42.414560','2019-07-23 11:27:42.414600',NULL),(34,'B4LXIWE9ddKWUlVOrXRf0Q00TWeZaL',34,4,1,'2019-07-23 11:50:00.537202','2019-07-23 11:50:00.537236',NULL),(35,'nmWz9JspuveC9avsVLEUKIAXnV6NNT',35,4,1,'2019-07-24 07:31:39.393594','2019-07-24 07:31:39.393691',NULL),(36,'ZEl6qkZTVvu2y1fQSEuO0ujlWlFI8F',36,4,1,'2019-07-25 00:27:15.851284','2019-07-25 00:27:15.851352',NULL),(37,'zFpPKw71SP2uQSMtDAsnc35eaeFbHk',37,4,1,'2019-07-25 00:27:42.257379','2019-07-25 00:27:42.257455',NULL),(38,'QpjO6JbSHVrfvJbJiKQ9u8oyaShzSt',38,4,1,'2019-07-25 02:39:02.182921','2019-07-25 02:39:02.183042',NULL),(39,'vbWbtNTzsbuWohcKeRsCMYcmTcMLE2',39,4,1,'2019-07-25 02:39:27.976246','2019-07-25 02:39:27.976363',NULL),(40,'t3gAo8sWgrnU3tq8c3mqcDabrzPAt2',40,4,1,'2019-07-25 02:40:48.336096','2019-07-25 02:40:48.336264',NULL),(41,'KKAl97U4ZizJOTMTXnvP6tlxnYbyTs',41,4,1,'2019-07-25 02:41:44.569431','2019-07-25 02:41:44.569562',NULL),(42,'WcyEpYH0iYqcuzfzEb1Z6AZNCH1CFh',42,4,1,'2019-07-25 02:42:30.336939','2019-07-25 02:42:30.337058',NULL),(43,'KeYu54MoOf9RbtUEV48ioRD4eKneq6',43,4,1,'2019-07-25 02:43:37.283735','2019-07-25 02:43:37.283892',NULL),(44,'6llsRcCdvNfQFgV4ATwew6tOeXXYSf',44,4,1,'2019-07-25 02:46:50.413856','2019-07-25 02:46:50.414061',NULL),(45,'GjfKnoig9eFoZJlveIYWCGy6uuwH4r',45,4,1,'2019-07-25 03:26:14.057374','2019-07-25 03:26:14.057519',NULL),(46,'ToHTOWQjJACMxztrgMpJeOjZGZk0hL',46,4,1,'2019-07-25 03:27:23.192829','2019-07-25 03:27:23.193043',NULL),(47,'4c75Y0aOFrTVTngih6pGU4tSbwmiVi',47,4,1,'2019-07-25 03:28:05.979341','2019-07-25 03:28:05.979464',NULL),(48,'VufeqgZSXclPtuZ7lhYmEZ0mhb6nUR',48,4,1,'2019-07-25 06:17:55.676896','2019-07-25 06:17:55.677074',NULL),(49,'kxc8fgxzBPVCUqDxpsiHouX0wEz71B',49,4,1,'2019-07-25 06:18:45.318212','2019-07-25 06:18:45.318422',NULL),(50,'UDVrg4qSKIMJZxJPqzdCrBYhu9phcy',50,4,1,'2019-07-25 06:20:42.709930','2019-07-25 06:20:42.710060',NULL),(51,'I9aTodBPWVLKW6H9bYzzYsv3ebtzTp',51,4,1,'2019-07-25 06:22:41.564862','2019-07-25 06:22:41.564981',NULL),(52,'6FfAsuTgjDDgJmawm1vkWMpvkRfUEO',52,4,1,'2019-07-25 06:23:07.255377','2019-07-25 06:23:07.255508',NULL),(53,'fi4BTcqg2C9HU0ZawNrhUvqlpfcmBx',53,4,1,'2019-07-25 06:23:39.219519','2019-07-25 06:23:39.219635',NULL),(54,'vt0PMboGEqKxts6GLCjd5j80YgRDyR',54,4,1,'2019-07-25 06:24:01.520726','2019-07-25 06:24:01.520956',NULL),(55,'TkwqjB2I5brtrSJufkcrQxCiRxyWOl',55,4,1,'2019-07-25 06:26:03.616963','2019-07-25 06:26:03.617072',NULL),(56,'FOqf8xg9Tkrdt0zuNoF01lEJNLcha0',56,4,1,'2019-07-28 09:58:12.919499','2019-07-28 09:58:12.919537',NULL),(57,'G7k12MqHKwboNpsN7NMHTkGntL9V1F',57,26,1,'2019-07-30 16:12:25.069071','2019-07-30 16:12:25.069170',NULL),(58,'6yExBYsXV53PCUXUj93Zov8Vx1SfzF',58,27,1,'2019-07-30 16:17:52.760697','2019-07-30 16:17:52.760839',NULL),(59,'f098DDiIkDHCLkcYJ5wAzwdmrnIAc8',59,27,1,'2019-07-30 16:21:38.722165','2019-07-30 16:21:38.722419',NULL),(60,'l54pJaP9LXjW1McehpG2dBnReBDjNH',60,4,1,'2019-07-30 16:42:07.157139','2019-07-30 16:42:07.157502',NULL),(61,'SJXK5FMQAlLUH6cBnxakcdxGAC5lfl',61,32,1,'2019-07-30 16:42:27.313081','2019-07-30 16:42:27.313140',NULL),(62,'pk3hCGIDfr2AHiuWdFLHVTD2E9UDo9',62,32,51,'2019-07-30 16:42:41.146185','2019-07-30 16:42:41.146504',NULL),(63,'pdy0E7HMPssCRpE3xyro8qD308RTRH',63,33,52,'2019-07-30 16:46:20.716816','2019-07-30 16:46:20.717066',NULL),(64,'ysFyKCi9TIqUu8FNht43NiuWp57TyL',64,4,1,'2019-07-31 02:07:06.486850','2019-07-31 02:07:06.486886',NULL),(65,'pp2BV3SuVyak09DWTHr4mn5N0NNHnL',65,4,1,'2019-07-31 09:22:53.531810','2019-07-31 09:22:53.531849',NULL),(66,'ZUBvEbWxdAXok61uAH1L7dU6G3UwNq',66,4,1,'2019-07-31 09:30:59.332906','2019-07-31 09:30:59.333082',NULL),(67,'Xur2yiELAJeWYjzE0aYYQ6de9NeMY5',67,4,1,'2019-07-31 09:36:18.981145','2019-07-31 09:36:18.981181',NULL),(68,'runxO821cSE935OXK4WtFGTuIZAfFv',68,4,1,'2019-07-31 09:38:49.933606','2019-07-31 09:38:49.933661',NULL),(69,'k3VS1fUT5bnuVzG0xfSp4m7A5tGIlR',69,4,1,'2019-07-31 09:41:11.320487','2019-07-31 09:41:11.320526',NULL),(70,'cM21bHsZGBKmJT5sXC9uH0WunfK4rt',70,4,1,'2019-07-31 10:12:22.655621','2019-07-31 10:12:22.655677',NULL),(71,'IH7dEHCMvLEOkQ5eVldIqqfi1lKGHD',71,4,1,'2019-07-31 10:21:13.467809','2019-07-31 10:21:13.467845',NULL),(72,'V9G4ol1mhYzm6raIG3K2j02tTVry4P',72,4,1,'2019-07-31 12:17:10.429513','2019-07-31 12:17:10.429569',NULL),(73,'ul1BR6ExBbxjjpNLwnfbxsAAyo5dTo',73,4,1,'2019-07-31 12:49:58.793511','2019-07-31 12:49:58.793552',NULL),(74,'xte14kD3Q1wxBOhr561H5MG73waL6D',74,4,1,'2019-07-31 12:53:52.031415','2019-07-31 12:53:52.031457',NULL),(75,'wBpB0ehOvViz1oq5yfkCpMBll6c4Rt',75,4,1,'2019-07-31 13:09:09.548216','2019-07-31 13:09:09.548272',NULL),(76,'LnTyVGfZNNNoSNZb1RXc1BCLLA2lRB',76,4,1,'2019-07-31 13:24:24.353694','2019-07-31 13:24:24.353758',NULL),(77,'3VY7QLcii84ebgCCLs48D2QqiJqmgD',77,4,1,'2019-07-31 13:31:39.673576','2019-07-31 13:31:39.673632',NULL),(78,'enK5MLi2QcX1DUkgtj0ulFWpY6wiS1',78,4,1,'2019-08-06 09:32:35.733185','2019-08-06 09:32:35.733237',NULL),(79,'8tL90HrlYCKvGxZbCdstusneVxnEd4',79,4,1,'2019-08-06 13:26:09.507256','2019-08-06 13:26:09.507310',NULL),(80,'xYJzYZ1dZ71LSyulwhYSzJn6Hv8P1r',80,4,1,'2019-08-06 13:31:43.582471','2019-08-06 13:31:43.582507',NULL),(81,'BLciCaFcUOGniHnLHWae6sj4JPkGp9',81,4,1,'2019-08-06 13:38:19.819929','2019-08-06 13:38:19.820049',NULL),(82,'YaWhky0jVZjv5tcFmhlBLtTyB2CCNw',82,4,1,'2019-08-06 13:41:50.369196','2019-08-06 13:41:50.369232',NULL),(83,'M10ZJLDk4itQYlNbePuI2LgodlDWMz',83,4,1,'2019-08-06 13:56:27.743018','2019-08-06 13:56:27.743080',NULL),(84,'fHo1JvI2OmDOay7NOSBnR7BhDsPNJZ',84,4,1,'2019-08-06 13:58:39.505634','2019-08-06 13:58:39.505695',NULL),(85,'BC0jCapQeF493cVRAugWpIW5OdIDYh',85,4,1,'2019-08-06 14:04:22.818797','2019-08-06 14:04:22.818855',NULL);
/*!40000 ALTER TABLE `oauth2_provider_refreshtoken` ENABLE KEYS */;
UNLOCK TABLES;

--
-- Table structure for table `story_answer`
--

DROP TABLE IF EXISTS `story_answer`;
/*!40101 SET @saved_cs_client     = @@character_set_client */;
 SET character_set_client = utf8mb4 ;
CREATE TABLE `story_answer` (
  `id` int(11) NOT NULL AUTO_INCREMENT,
  `createdAt` datetime(6) NOT NULL,
  `updatedAt` datetime(6) NOT NULL,
  `deletedAt` datetime(6) DEFAULT NULL,
  `answer` varchar(500) NOT NULL,
  `question_id` int(11) NOT NULL,
  `step_id` int(11) NOT NULL,
  PRIMARY KEY (`id`),
  KEY `story_answer_question_id_1f1624be_fk_story_question_id` (`question_id`),
  KEY `story_answer_step_id_84a28cbc_fk_story_storystep_id` (`step_id`),
  CONSTRAINT `story_answer_question_id_1f1624be_fk_story_question_id` FOREIGN KEY (`question_id`) REFERENCES `story_question` (`id`),
  CONSTRAINT `story_answer_step_id_84a28cbc_fk_story_storystep_id` FOREIGN KEY (`step_id`) REFERENCES `story_storystep` (`id`)
) ENGINE=InnoDB AUTO_INCREMENT=29 DEFAULT CHARSET=utf8mb4;
/*!40101 SET character_set_client = @saved_cs_client */;

--
-- Dumping data for table `story_answer`
--

LOCK TABLES `story_answer` WRITE;
/*!40000 ALTER TABLE `story_answer` DISABLE KEYS */;
INSERT INTO `story_answer` VALUES (3,'2019-06-28 05:19:41.769454','2019-08-06 14:26:41.249198',NULL,'Уухгүй хамт явж болно доо.',2,4),(4,'2019-06-28 05:19:48.724032','2019-08-06 14:27:45.772061',NULL,'Дэмий. Тэд нартай нийлэхгүй байлаа гээд яав л гэж дээ.',2,5),(5,'2019-06-28 05:19:57.338164','2019-08-06 14:27:59.182043',NULL,'Дандаа биш ганц гарахад зүгээр шүү дээ.',2,6),(6,'2019-06-28 05:20:05.607810','2019-08-06 14:28:10.838329',NULL,'Боломж шүү дээ! Найзуудтайгаа живэх хэрэгтэй!',2,7),(7,'2019-07-30 14:35:57.041363','2019-08-06 14:30:04.956944',NULL,'Архигүйгээр баярлаж болдгийг найзууддаа хэлэх хэрэгтэй.',3,16),(8,'2019-07-30 14:36:07.980183','2019-08-06 14:30:19.153988',NULL,'Найзыгаа бодоод эхний 2, 3-ыг амсаж болох л юм.',3,17),(9,'2019-07-30 14:36:17.821609','2019-08-20 14:47:06.060564',NULL,'Найзыгаа хүндлээд ууна гэж хэлсэн нь шулуухан.',3,18),(10,'2019-07-30 14:36:26.772660','2019-08-06 14:30:40.611409',NULL,'Боломж олдож байгаа дээр нь ууж сурах хэрэгтэй.',3,19),(11,'2019-07-31 05:30:10.396960','2019-08-06 14:33:51.071119',NULL,'Эртхэн харьсан нь хэн хэнд нь дээр.',4,24),(12,'2019-07-31 05:30:18.500045','2019-08-06 14:34:04.457812',NULL,'Өөрөө ч бас согтчихсон юм чинь татгалзах хэрэгтэй.',4,25),(13,'2019-07-31 05:30:26.016972','2019-08-06 14:34:17.996265',NULL,'Найзыгаа харих хүртэл нь хамт үлдсэн нь дээр.',4,26),(14,'2019-07-31 05:31:07.042213','2019-08-06 14:35:44.790601',NULL,'Шаравааг тасархыг нь хүлээж байгаад хаяаад явсан нь дээр.',4,27),(15,'2019-07-31 05:45:16.422305','2019-08-06 14:37:33.721551',NULL,'Найз нь юм чинь хар тамхинаас холдуулах үйлдэл хийх хэрэгтэй.',5,32),(16,'2019-07-31 05:45:21.864470','2019-08-06 14:37:44.487232',NULL,'Шараваад хар тамхины хор уршгыг хэлж ятгах хэрэгтэй.',5,33),(17,'2019-07-31 05:45:27.930845','2019-08-06 14:37:52.649814',NULL,'Шараваагийн л сонголт.  Тоолгүй орхих хэрэгтэй.',5,34),(18,'2019-07-31 05:45:33.805605','2019-08-06 14:38:00.013674',NULL,'Шараваа догь санагдаж байгаа болохоор хамт хэрэглэж үзнэ.',5,35),(19,'2019-07-31 06:07:57.202088','2019-08-06 14:39:07.534343',NULL,'Сонголт түүний гарт ! Тиймээс татах санаагаа хаявал зохино.',6,40),(20,'2019-07-31 06:08:02.722788','2019-08-06 14:39:15.429599',NULL,'Хар тамхи хүний биед хортойг учир татахаас татгалз!',6,41),(21,'2019-07-31 06:08:08.044547','2019-08-06 14:39:25.729455',NULL,'Ганц татаад донтчихгүй дээ. Нэг удаа үз үз!',6,42),(22,'2019-07-31 06:08:12.652536','2019-07-31 06:08:12.652777',NULL,'Ганц л амьдрах хорвоо! Хүссэнээрээ л татаж үз.',6,0),(24,'2019-08-06 14:40:00.839868','2019-08-06 14:40:00.839952',NULL,'Ганц л амьдрах хорвоо! Хүссэнээрээ л татаж үз.',6,43),(25,'2019-08-20 14:33:59.699597','2019-08-20 14:35:38.293042',NULL,'Бие нь муу харагдаж байна. Хурдан эмнэлэг дуудах хэрэгтэй.',7,48),(26,'2019-08-20 14:34:16.882213','2019-08-20 14:35:32.529785',NULL,'Пабын хүмүүсд уурлаж Шаравааг зүгээр болго гэж хэлнэ.',7,49),(27,'2019-08-20 14:35:05.953020','2019-08-20 14:35:05.953061',NULL,'Юу ч хийлгүй. Зүгээр болтол нь хүлээсэн нь дээр.',7,50),(28,'2019-08-20 14:35:18.689101','2019-08-20 14:35:18.689145',NULL,'Буруудахаасаа өмнө Шаравааг орхиод гэрлүүгээ явсан нь дээр.',7,51);
/*!40000 ALTER TABLE `story_answer` ENABLE KEYS */;
UNLOCK TABLES;

--
-- Table structure for table `story_content`
--

DROP TABLE IF EXISTS `story_content`;
/*!40101 SET @saved_cs_client     = @@character_set_client */;
 SET character_set_client = utf8mb4 ;
CREATE TABLE `story_content` (
  `id` int(11) NOT NULL AUTO_INCREMENT,
  `createdAt` datetime(6) NOT NULL,
  `updatedAt` datetime(6) NOT NULL,
  `deletedAt` datetime(6) DEFAULT NULL,
  `type` int(11) NOT NULL,
  `position` int(11) NOT NULL,
  `transition` int(11) NOT NULL,
  `width` int(11) NOT NULL,
  `height` int(11) NOT NULL,
  `direction` int(11) NOT NULL,
  `bg_color` varchar(10) DEFAULT NULL,
  `color` varchar(100) DEFAULT NULL,
  `bubble_type` int(11) NOT NULL,
  `content_name` varchar(100) NOT NULL,
  `content` varchar(2000) NOT NULL,
  `question_id` int(11) DEFAULT NULL,
  `step_id` int(11) NOT NULL,
  `text_color` varchar(10) DEFAULT NULL,
  `content_image_l` varchar(100) DEFAULT NULL,
  `content_image_m` varchar(100) DEFAULT NULL,
  `content_image_s` varchar(100) DEFAULT NULL,
  PRIMARY KEY (`id`),
  KEY `story_content_question_id_03883e80_fk_story_question_id` (`question_id`),
  KEY `story_content_step_id_965b58b6_fk_story_storystep_id` (`step_id`),
  CONSTRAINT `story_content_question_id_03883e80_fk_story_question_id` FOREIGN KEY (`question_id`) REFERENCES `story_question` (`id`),
  CONSTRAINT `story_content_step_id_965b58b6_fk_story_storystep_id` FOREIGN KEY (`step_id`) REFERENCES `story_storystep` (`id`)
) ENGINE=InnoDB AUTO_INCREMENT=112 DEFAULT CHARSET=utf8mb4;
/*!40101 SET character_set_client = @saved_cs_client */;

--
-- Dumping data for table `story_content`
--

LOCK TABLES `story_content` WRITE;
/*!40000 ALTER TABLE `story_content` DISABLE KEYS */;
INSERT INTO `story_content` VALUES (4,'2019-06-27 04:55:50.085560','2019-07-31 03:33:14.662863',NULL,1,10,0,1,0,0,'#fff',NULL,0,'Bubble 1','Идэрээ бол айлын ганц хүү. Түүний аав, ээж нь томоохон компани удирддаг тул их л завгүй байдаг ажээ.',NULL,1,'#000','','',''),(5,'2019-06-27 04:56:44.046433','2019-06-27 04:56:44.046476',NULL,1,51,0,1,4,0,'#fff',NULL,0,'Bubble 2','Аав, ээж нь хэрэгтэй мөнгийг нь  өгчихдөг тул Идэрээ ч нээг  их юм боддоггүй. Мөнгөө үрээд л  өөрийгөө аргалаад л явдаг.',NULL,1,'#000','',NULL,NULL),(6,'2019-06-27 04:59:37.596232','2019-08-19 15:27:22.342640',NULL,3,62,0,1,1,0,'#fff',NULL,0,'Character','Character',NULL,1,'#000','media/character_image/Repeat_Grid_13x_9dEaV3u.png','media/character_image/Repeat_Grid_12x_U9VQecy.png','media/character_image/Repeat_Grid_1_g1B5yqx.png'),(7,'2019-06-28 05:18:59.112572','2019-06-28 05:18:59.112610',NULL,2,0,0,1,1,0,NULL,NULL,0,'Question','Question',2,3,NULL,'',NULL,NULL),(9,'2019-07-30 13:51:11.873026','2019-07-31 02:48:26.337311',NULL,1,10,0,3,0,0,NULL,NULL,0,'Bubble 1','Нэгэн өдөр ангийнх нь бандийн төрсөн өдөр болоод ангийнх нь хөвгүүд пабд суухаар болжээ.  Тэд Идэрээг хамт гарах уу? гэж асуужээ.',NULL,2,NULL,'','',''),(10,'2019-07-30 13:52:32.579027','2019-08-19 15:27:44.968283',NULL,3,62,0,1,0,0,NULL,NULL,0,'Character 1','Character 1',NULL,2,NULL,'media/character_image/Repeat_Grid_23x_Kl4RLyo.png','media/character_image/Repeat_Grid_32x.png','media/character_image/Repeat_Grid_3.png'),(11,'2019-07-30 13:53:46.630469','2019-08-19 15:27:54.473719',NULL,3,63,0,1,0,0,NULL,NULL,0,'Character 2','Character 2',NULL,2,NULL,'media/character_image/Repeat_Grid_33x_B0Bm2Hw.png','media/character_image/Repeat_Grid_22x.png','media/character_image/Repeat_Grid_2.png'),(12,'2019-07-30 13:54:53.062967','2019-08-19 15:28:15.365813',NULL,3,60,0,1,0,0,NULL,NULL,0,'Character 1','Character 1',NULL,3,NULL,'media/character_image/Repeat_Grid_13x_HL1pPuz.png','media/character_image/Repeat_Grid_12x_tRsyWM9.png','media/character_image/Repeat_Grid_1_xtQBYKh.png'),(13,'2019-07-30 13:59:01.364974','2019-07-30 13:59:01.365011',NULL,1,20,0,1,0,0,NULL,NULL,6,'Зөвлөмж','Хэрвээ чи үнэхээр бусдад \"Үгүй\" гэж хэлж чаддаг бол энэ сонголт зөв сонголт байна.',NULL,4,NULL,'','',''),(14,'2019-07-30 14:00:03.154989','2019-08-20 13:57:07.741099',NULL,3,63,0,1,0,0,NULL,NULL,0,'Дүр','Дүр',NULL,4,NULL,'media/character_image/Repeat_Grid_33x_GfGlMkf.png','media/character_image/Repeat_Grid_32x_M0tn6UK.png','media/character_image/Repeat_Grid_3_Ntdrykb.png'),(15,'2019-07-30 14:00:55.422911','2019-07-30 14:01:23.270987',NULL,1,20,0,2,0,0,NULL,NULL,6,'Зөвлөмж','Хүний аз жаргалын түвшинд найзуудтайгаа хамт цагийг өнгөрөөх, бусдад цагаа зориулах нь чухал байдаг гэдгийг мэдэх үү?',NULL,5,NULL,'','',''),(16,'2019-07-30 14:02:02.234077','2019-08-20 13:57:40.260760',NULL,3,63,0,1,0,0,NULL,NULL,0,'Дүр эмэгтэй','Дүр эмэгтэй',NULL,5,NULL,'media/character_image/Repeat_Grid_43x_Jf06VRL.png','media/character_image/Repeat_Grid_42x.png','media/character_image/Repeat_Grid_4.png'),(17,'2019-07-30 14:02:46.646881','2019-07-30 14:02:46.646960',NULL,1,20,0,2,0,0,NULL,NULL,6,'Зөвлөмж','За яахав, ганц удаа гэж бодож байвал болох л юм. Гэхдээ ганц удаагаас ямар сөрөг үр дагавар гарч болох бол?',NULL,6,NULL,'','',''),(18,'2019-07-30 14:03:36.266530','2019-08-20 13:58:03.210647',NULL,3,63,0,1,0,0,NULL,NULL,0,'Дүр эрэгтэй','Дүр эрэгтэй',NULL,6,NULL,'media/character_image/Repeat_Grid_53x_c0B0TNc.png','media/character_image/Repeat_Grid_52x.png','media/character_image/Repeat_Grid_5.png'),(19,'2019-07-30 14:04:24.271413','2019-07-30 14:04:24.271455',NULL,1,20,0,2,0,0,NULL,NULL,6,'Зөвлөмж цагдаа','Муу зүйлийг хийж сурснаар цаашлаад чамд дадал болох магадлалтай шүү дээ. Тиймээс муу зүйлээс холуур л явах хэрэгтэй.',NULL,7,NULL,'','',''),(20,'2019-07-30 14:05:22.226755','2019-08-20 13:58:26.634913',NULL,3,63,0,1,0,0,NULL,NULL,0,'Дүр цагдаа','Дүр цагдаа',NULL,7,NULL,'media/character_image/Repeat_Grid_63x.png','media/character_image/Repeat_Grid_62x.png','media/character_image/Repeat_Grid_6.png'),(21,'2019-07-30 14:06:19.773983','2019-07-30 14:06:19.774020',NULL,1,10,0,3,0,0,NULL,NULL,0,'Зөвлөмж','Идэрээгийн аав, ээж нь түүнтэй тийм ч ойр дотно биш тул тэр аав, ээж 2-тоо санаа зоволгүйгээр хамт гарахаар шийджээ.',NULL,8,NULL,'','',''),(22,'2019-07-30 14:07:04.011643','2019-08-20 13:58:45.762815',NULL,3,63,0,1,0,0,NULL,NULL,0,'Дүр эрэгтэй','Дүр эрэгтэй',NULL,8,NULL,'media/character_image/Repeat_Grid_73x.png','media/character_image/Repeat_Grid_72x.png','media/character_image/Repeat_Grid_7.png'),(23,'2019-07-30 14:08:35.460678','2019-07-31 03:36:44.656445',NULL,1,12,0,3,0,0,NULL,NULL,0,'Зөвлөмж','Тэдний ангийн банди нар хаашаа  шаах вэ? гэж баахан ярилцаж  байгаад нэгнийх нь таньдаг  ахынх нь сургуулиас нь холгүй  байдаг пабд орохоор болжээ.',NULL,13,NULL,'','',''),(24,'2019-07-30 14:09:32.669303','2019-08-20 13:59:15.080590',NULL,3,62,0,1,0,0,NULL,NULL,0,'Дүр 1 эрэгтэй','Дүр 1 эрэгтэй',NULL,13,NULL,'media/character_image/Repeat_Grid_83x.png','media/character_image/Repeat_Grid_82x.png','media/character_image/Repeat_Grid_8.png'),(25,'2019-07-30 14:10:03.569278','2019-08-20 13:59:29.770451',NULL,3,63,0,1,0,0,NULL,NULL,0,'Дүр 2 эрэгтэй','Дүр 1 эрэгтэй',NULL,13,NULL,'media/character_image/Repeat_Grid_93x.png','media/character_image/Repeat_Grid_92x.png','media/character_image/Repeat_Grid_9.png'),(26,'2019-07-30 14:33:24.897474','2019-07-31 03:42:47.154455',NULL,1,12,0,2,1,0,NULL,NULL,0,'Зөвлөмж','Тэгээд л орсныхоо дараа дундаа  архи авч уухаар болж, Шараваа  бүгд ууна биз дээ? гэж асуугаад  Идэрээрүү харжээ.',NULL,14,NULL,'','',''),(27,'2019-07-30 14:34:08.411795','2019-08-20 13:59:55.320082',NULL,3,61,0,1,0,0,NULL,NULL,0,'Дүр 1 эрэгтэй','Дүр 1 эрэгтэй',NULL,14,NULL,'media/character_image/Repeat_Grid_103x.png','media/character_image/Repeat_Grid_102x.png','media/character_image/Repeat_Grid_10.png'),(28,'2019-07-30 14:34:46.770048','2019-08-20 14:00:08.841603',NULL,3,62,0,1,0,0,NULL,NULL,0,'Дүр 2 эрэгтэй','Дүр 2 эрэгтэй',NULL,14,NULL,'media/character_image/Repeat_Grid_113x.png','media/character_image/Repeat_Grid_112x.png','media/character_image/Repeat_Grid_11.png'),(29,'2019-07-30 14:37:06.064411','2019-07-30 14:37:06.064452',NULL,2,12,0,1,0,0,NULL,NULL,0,'Асуулт','Асуулт',3,15,NULL,'','',''),(30,'2019-07-30 14:37:50.363403','2019-08-20 14:00:33.917534',NULL,3,60,0,1,0,0,NULL,NULL,0,'Дүр 1 эрэгтэй','Дүр 1 эрэгтэй',NULL,15,NULL,'media/character_image/Repeat_Grid_13x_jbaPGdp.png','media/character_image/Repeat_Grid_12x_jT1fq6k.png','media/character_image/Repeat_Grid_1_RtkHINA.png'),(31,'2019-07-31 03:44:28.101189','2019-07-31 03:44:28.101315',NULL,1,20,0,3,0,0,NULL,NULL,6,'Зөвлөмж','Сэтгэл хөдлөл буюу баярлахдаа, гунихдаа, гомдохдоо архи уух нь хүнийг маш амархан архинд донтуулах шалтгаан болдог юм шүү.',NULL,16,NULL,'','',''),(32,'2019-07-31 03:45:11.336080','2019-08-20 14:00:59.534247',NULL,3,63,0,1,0,0,NULL,NULL,0,'Дүр эмэгтэй','Дүр эмэгтэй',NULL,16,NULL,'media/character_image/Repeat_Grid_43x_qHl7KF6.png','media/character_image/Repeat_Grid_42x_XN2weSl.png','media/character_image/Repeat_Grid_4_48tCMUk.png'),(33,'2019-07-31 03:45:56.542817','2019-07-31 09:27:46.709929',NULL,1,20,0,1,0,0,NULL,NULL,6,'Зөвлөмж','Өөрөө хүссэндээ \"Би ерөөсөө л архичин болно\" гэж архичин болдог хүн байдаг болов уу? Тэгвэл яагаад архичин болчихдог юм бол?',NULL,17,NULL,'','',''),(34,'2019-07-31 03:47:07.788122','2019-08-20 14:02:06.604309',NULL,3,63,0,1,0,0,NULL,NULL,0,'Дүр эрэгтэй','Дүр эрэгтэй',NULL,17,NULL,'media/character_image/Repeat_Grid_53x_siN7xik.png','media/character_image/Repeat_Grid_52x_fnaZ1JI.png','media/character_image/Repeat_Grid_5_G1eJVw7.png'),(35,'2019-07-31 03:47:48.142517','2019-07-31 03:47:48.142645',NULL,1,20,0,3,0,0,NULL,NULL,6,'Зөвлөмж','Хүндлэл үзүүлж байна гээд муу зүйлсийг ч хүчээр хийх хэрэг үү? Зөв хүндэлж сурмаар л байгаам даа.',NULL,18,NULL,'','',''),(36,'2019-07-31 03:48:32.149122','2019-08-20 14:02:25.910222',NULL,3,63,0,1,0,0,NULL,NULL,0,'Дүр эмэгтэй','Дүр эмэгтэй',NULL,18,NULL,'media/character_image/Repeat_Grid_33x_bxHg0Nt.png','media/character_image/Repeat_Grid_32x_hMGTHNz.png','media/character_image/Repeat_Grid_3_wiP3uPB.png'),(37,'2019-07-31 03:49:24.331936','2019-07-31 03:49:24.332062',NULL,1,20,0,3,0,0,NULL,NULL,6,'Зөвлөмж','Одоо архи уугаад энэ нь хэвийн байдал болсон хүүхэд 30 настайдаа ямар хүн байх талаар нэг бодоод үзээрэй.',NULL,19,NULL,'','',''),(38,'2019-07-31 03:50:05.981211','2019-08-20 14:05:31.636429',NULL,3,63,0,1,0,0,NULL,NULL,0,'Дүр цагдаа','Дүр цагдаа',NULL,19,NULL,'media/character_image/Repeat_Grid_63x_pj1sBLb.png','media/character_image/Repeat_Grid_62x_n0MmgLy.png','media/character_image/Repeat_Grid_6_zIfLL8V.png'),(39,'2019-07-31 03:50:54.604967','2019-07-31 03:50:54.605092',NULL,1,10,0,3,0,0,NULL,NULL,0,'Зөвлөмж','Найзынхаа төрсөн өдөрт баярыг нь хуваалцах гэж ирсэн мөртлөө уухгүй байгаа нь хүндлэхгүй байна гэснээс ялгаагүй гэж найзууд нь шоолж хэлснийг сонсоод Идэрээ уухаар шийджээ.',NULL,20,NULL,'','',''),(40,'2019-07-31 03:51:34.256474','2019-08-20 14:05:53.529369',NULL,3,63,0,1,0,0,NULL,NULL,0,'Дүр эрэгтэй','Дүр эрэгтэй',NULL,20,NULL,'media/character_image/Repeat_Grid_123x.png','media/character_image/Repeat_Grid_122x.png','media/character_image/Repeat_Grid_12.png'),(41,'2019-07-31 03:52:05.424996','2019-07-31 03:52:05.425139',NULL,1,10,0,3,0,0,NULL,NULL,0,'Зөвлөмж','Тэдний ангийнхан бүгд халаалттай, Шараваагийн төрсөн өдөр их сайхан болж байлаа. Тэд 2 шил архи хувааж уугаад нэлээд согтсон бас орой болсон байсан тул тэдний ангийнхан тарцгаахаар болов.',NULL,21,NULL,'','',''),(42,'2019-07-31 03:52:52.553896','2019-08-20 14:06:24.272703',NULL,3,61,0,1,0,0,NULL,NULL,0,'Дүр эрэгтэй 1','Дүр эрэгтэй 1',NULL,21,NULL,'media/character_image/Repeat_Grid_133x.png','media/character_image/Repeat_Grid_132x.png','media/character_image/Repeat_Grid_13.png'),(43,'2019-07-31 03:53:24.989113','2019-08-20 14:07:25.381377',NULL,3,62,0,3,0,0,NULL,NULL,0,'Дүр эрэгтэй 2','Дүр эрэгтэй 2',NULL,21,NULL,'media/character_image/Repeat_Grid_143x_YgEA3WH.png','media/character_image/Repeat_Grid_142x_pOF0Ady.png','media/character_image/Repeat_Grid_14_3rWlppS.png'),(44,'2019-07-31 03:54:06.038065','2019-07-31 03:54:06.038192',NULL,1,12,0,2,0,0,NULL,NULL,0,'Зөвлөмж','Гэтэл Шараваа үлдэхээр болж,  Идэрээгээр хүргүүлмээр байна гэж асуужээ.',NULL,22,NULL,'','',''),(45,'2019-07-31 03:54:57.472395','2019-08-20 14:08:10.012383',NULL,3,61,0,1,0,0,NULL,NULL,0,'Дүр эрэгтэй 1','Дүр эрэгтэй 1',NULL,22,NULL,'media/character_image/Repeat_Grid_163x.png','media/character_image/Repeat_Grid_162x.png','media/character_image/Repeat_Grid_16.png'),(46,'2019-07-31 03:55:32.366162','2019-08-20 14:08:22.635151',NULL,3,62,0,1,0,0,NULL,NULL,0,'Дүр эрэгтэй 2','Дүр эрэгтэй 2',NULL,22,NULL,'media/character_image/Repeat_Grid_153x.png','media/character_image/Repeat_Grid_152x.png','media/character_image/Repeat_Grid_15.png'),(47,'2019-07-31 05:28:42.023299','2019-08-20 14:08:48.936944',NULL,3,60,0,1,0,0,NULL,NULL,0,'Дүр 1 эрэгтэй','Дүр 1 эрэгтэй',NULL,23,NULL,'media/character_image/Repeat_Grid_13x_MOglGUQ.png','media/character_image/Repeat_Grid_12x_dihYyMM.png','media/character_image/Repeat_Grid_1_UeXpfmp.png'),(48,'2019-07-31 05:29:20.639722','2019-07-31 05:29:33.801915',NULL,2,10,0,1,0,0,NULL,NULL,0,'Асуулт','Асуулт',4,23,NULL,'','',''),(49,'2019-07-31 05:31:45.467334','2019-07-31 05:31:45.467458',NULL,1,20,0,3,0,0,NULL,NULL,6,'Зөвлөмж','Согтуу үед хүний мэдрэх чадваруу буурсан байдаг. Тиймээс ямар 1 үйлдлийг удаан ойлгодог бөгөөд буруу хийх магадлалтай байдаг. Тэгэхээр харьсан нь илүү дээр байх болно.',NULL,24,NULL,'','',''),(50,'2019-07-31 05:32:24.428060','2019-08-20 14:09:12.623898',NULL,3,63,0,1,0,0,NULL,NULL,0,'Дүр эмэгтэй  1','Дүр эмэгтэй  1',NULL,24,NULL,'media/character_image/Repeat_Grid_43x_RrvDaaw.png','media/character_image/Repeat_Grid_42x_7VVeGS2.png','media/character_image/Repeat_Grid_4_An78N5s.png'),(51,'2019-07-31 05:33:38.944954','2019-07-31 05:33:38.945080',NULL,1,20,0,3,0,0,NULL,NULL,6,'Зөвлөмж','Зөвлөмж',NULL,25,NULL,'','',''),(52,'2019-07-31 05:34:14.279078','2019-08-20 14:09:35.496355',NULL,3,63,0,1,0,0,NULL,NULL,0,'Дүр сахалтай','Дүр сахалтай',NULL,25,NULL,'media/character_image/Repeat_Grid_53x_pndBluF.png','media/character_image/Repeat_Grid_52x_Jk0jLMz.png','media/character_image/Repeat_Grid_5_SPfJdSn.png'),(53,'2019-07-31 05:35:42.662628','2019-07-31 05:35:42.662760',NULL,1,20,0,1,0,0,NULL,NULL,6,'Зөвлөмж','Сайныг дагавал сарны гэрэл, мууг дагавал могойн хорлол оо гэж. Аавынх нь бодлоор муу зүйл хийхэд уриалсан хүнийг найз аа гэж хармааргүй л байх юм.',NULL,26,NULL,'','',''),(54,'2019-07-31 05:36:23.590278','2019-08-20 14:09:55.543320',NULL,3,63,0,1,0,0,NULL,NULL,0,'Сахалтай эрэгтэй','Сахалтай эрэгтэй',NULL,26,NULL,'media/character_image/Repeat_Grid_53x_BFG6Zew.png','media/character_image/Repeat_Grid_52x_k774LcS.png','media/character_image/Repeat_Grid_5_j67q0xa.png'),(55,'2019-07-31 05:38:10.305152','2019-07-31 05:38:10.305438',NULL,1,20,0,1,0,0,NULL,NULL,6,'Зөвлөмж','Хамгийн муу сонголт байна. Тасрахаас нь өмнө эрүүл хэн нэгэнд даалгаж үлдээх ёстой биш үү?',NULL,27,NULL,'','',''),(56,'2019-07-31 05:38:43.900357','2019-08-20 14:10:46.841483',NULL,3,63,0,1,0,0,NULL,NULL,0,'Эмэгтэй дүр','Эмэгтэй дүр',NULL,27,NULL,'media/character_image/Repeat_Grid_33x_pnKtir6.png','media/character_image/Repeat_Grid_32x_lwHsYaG.png','media/character_image/Repeat_Grid_3_1WhSZEA.png'),(57,'2019-07-31 05:39:18.275456','2019-07-31 05:39:18.275703',NULL,1,20,0,3,0,0,NULL,NULL,0,'Зөвлөмж','Хэдийгээр Идэрээ харих хэрэгтэй гэж бодож байсан ч гэсэн аав, ээж нь залгаж, араас нь уурлаад байдаггүй болохоор үлдэж, түүнийг харих хүртэл нь хамт байхаар болжээ.',NULL,28,NULL,'','',''),(58,'2019-07-31 05:40:01.197576','2019-08-20 14:11:05.104640',NULL,3,62,0,1,0,0,NULL,NULL,0,'Эрэгтэй дүр','Эрэгтэй дүр',NULL,28,NULL,'media/character_image/Repeat_Grid_153x_V4Uxsvx.png','media/character_image/Repeat_Grid_152x_QqrQK6J.png','media/character_image/Repeat_Grid_15_UtgWk43.png'),(59,'2019-07-31 05:40:42.150758','2019-07-31 05:40:42.150885',NULL,1,12,0,1,0,0,NULL,NULL,0,'Түүх','Шараваа нэлээд согтсон байсан бөгөөд таньдаг ахаасаа нөгөөдөхөө өгчих гэж хэлэв. Идэрээ Шаравааг дахиад архи л авах гэж байгаа юм байх гэж бодов.',NULL,29,NULL,'','',''),(60,'2019-07-31 05:41:31.832383','2019-07-31 05:41:31.832539',NULL,3,61,0,1,0,0,NULL,NULL,0,'Эрэгтэй дүр эхнийх','Эрэгтэй дүр',NULL,29,NULL,'media/character_image/Group_571_Gx4n9Dk.png','media/character_image/Group_571_DhXE1oL.png','media/character_image/Group_571_b0Eha2n.png'),(61,'2019-07-31 05:42:06.014878','2019-07-31 05:42:06.015017',NULL,3,62,0,1,0,0,NULL,NULL,0,'Эрэгтэй дүр аяга барьсан','Эрэгтэй дүр аяга барьсан',NULL,29,NULL,'media/character_image/Group_590_2Mpdy9R.png','media/character_image/Group_590_6YeNi1e.png','media/character_image/Group_590_iPCWZDr.png'),(62,'2019-07-31 05:42:39.177440','2019-07-31 05:42:39.177576',NULL,1,12,0,3,0,0,NULL,NULL,0,'Түүх','Гэтэл Шараваад 1 жижигхэн ууттай зүйл авчирч өгөв. Идэрээ дорхноо л хар тамхи юм байна гээд ойлгочихов.',NULL,30,NULL,'','',''),(63,'2019-07-31 05:43:28.584503','2019-07-31 05:43:28.584661',NULL,3,61,0,1,0,0,NULL,NULL,0,'Эрэгтэй дүр хар цамцтай','Эрэгтэй дүр хар цамцтай',NULL,30,NULL,'media/character_image/Group_573_nT6woea.png','media/character_image/Group_573_mYaZ4B6.png','media/character_image/Group_573.png'),(64,'2019-07-31 05:44:00.991146','2019-07-31 05:44:00.991271',NULL,3,62,0,1,0,0,NULL,NULL,0,'Эрэгтэй дүр цэнхэр цамцтай','Эрэгтэй дүр цэнхэр цамцтай',NULL,30,NULL,'media/character_image/Group_590_r40hHB9.png','media/character_image/Group_590_K7bB3FR.png','media/character_image/Group_590_j0B4bCP.png'),(65,'2019-07-31 05:44:47.643662','2019-07-31 05:44:47.643936',NULL,2,10,0,1,0,0,NULL,NULL,0,'Шаравын тухай асуулт','Шаравын тухай асуулт',5,31,NULL,'','',''),(66,'2019-07-31 05:46:23.719891','2019-08-20 14:20:58.899245',NULL,3,60,0,1,0,0,NULL,NULL,0,'Эрэгтэй дүр','Эрэгтэй дүр',NULL,31,NULL,'media/character_image/Repeat_Grid_13x_HfAvl09.png','media/character_image/Repeat_Grid_12x_bwcSh5K.png','media/character_image/Repeat_Grid_1_LJgChd2.png'),(67,'2019-07-31 05:52:00.958046','2019-07-31 09:33:32.171549',NULL,1,20,0,1,0,0,NULL,NULL,6,'Түүх зөвлөмж','Амьдрал бол сонголтын нийлбэр юм шүү дээ. Сайн сонголт хийх бүрт чамд нэмэлтээр дахин нэг сайн зүйл бий болно шүү дээ.',NULL,32,NULL,'','',''),(68,'2019-07-31 05:52:50.407738','2019-08-20 14:21:17.727268',NULL,3,63,0,1,0,0,NULL,NULL,0,'Сахалтай эрэгтэй','Сахалтай эрэгтэй',NULL,32,NULL,'media/character_image/Repeat_Grid_53x_mh28Y1Z.png','media/character_image/Repeat_Grid_52x_H4Jkfrq.png','media/character_image/Repeat_Grid_5_Vx8h2bT.png'),(69,'2019-07-31 05:53:17.758481','2019-07-31 05:53:17.758605',NULL,1,20,0,1,0,0,NULL,NULL,6,'Зөвлөмж','Тийм шүү. Хүн нэгэнт хар тамхинд донтсон бол 7-10 жил насалдаг, зарим тохиолдолд 6-7 сар болоод нас барсан тохиолдол ч байдаг юм шүү.',NULL,33,NULL,'','',''),(70,'2019-07-31 05:53:49.330803','2019-08-20 14:21:57.165233',NULL,3,63,0,1,0,0,NULL,NULL,0,'Нүдний шилтэй эмэгтэй','Нүдний шилтэй эмэгтэй',NULL,33,NULL,'media/character_image/Repeat_Grid_43x_TScSq9P.png','media/character_image/Repeat_Grid_42x_BneTQ1N.png','media/character_image/Repeat_Grid_4_Bf844je.png'),(71,'2019-07-31 05:54:23.939879','2019-07-31 05:54:23.940006',NULL,1,20,0,3,0,0,NULL,NULL,0,'Зөвлөмж','Эйнштэйн хэлэхдээ: \"Энэ дэлхий муу зүйлсээр дүүрэн байгаа нь муу хүмүүс байгаа учраас биш юм. Харин муу зүйлстэй тэмцэж, энгийн хүмүүс юу ч хийхгүй байгаад юм шүү дээ \"Чи муу чигээр нь үлдээх гэж байна уу?',NULL,34,NULL,'','',''),(72,'2019-07-31 05:55:23.702027','2019-08-20 14:22:19.925831',NULL,3,63,0,1,0,0,NULL,NULL,0,'Нүдний шилгүй эмэгтэй','Нүдний шилгүй эмэгтэй',NULL,34,NULL,'media/character_image/Repeat_Grid_33x_BPGmy9o.png','media/character_image/Repeat_Grid_32x_qyVcB39.png','media/character_image/Repeat_Grid_3_9IYCw5U.png'),(73,'2019-07-31 05:55:54.899830','2019-07-31 05:55:54.899959',NULL,1,20,0,3,0,0,NULL,NULL,0,'Цагдаагийн үг','Хар тамхи хэрэглэх нь манай улсын хуулиар хориглодог тул хэрэглэсэн тохиолдолд чи баригдвал',NULL,35,NULL,'','',''),(74,'2019-07-31 05:56:28.772339','2019-08-20 14:22:38.568139',NULL,3,63,0,1,0,0,NULL,NULL,0,'Цагдаа','Цагдаа',NULL,35,NULL,'media/character_image/Repeat_Grid_63x_0H1VBEd.png','media/character_image/Repeat_Grid_62x_pPaqQmb.png','media/character_image/Repeat_Grid_6_Jsp1K0U.png'),(75,'2019-07-31 05:56:52.237583','2019-07-31 05:56:52.237716',NULL,1,12,0,3,0,0,NULL,NULL,0,'Зөвлөмж','Өөрийнх нь хэрэгт аав, ээж нь оролцоход дургүй байдаг тул Идэрээн найзынхаа хувийн зүйлд ч бас оролцоод хэрэггүй гэж бодон юу ч хэлэлгүй өнгөрчээ.',NULL,36,NULL,'','',''),(76,'2019-07-31 05:57:43.061969','2019-07-31 05:58:19.885325',NULL,3,61,0,1,0,0,NULL,NULL,0,'Эрэгтэй дүр','Эрэгтэй дүр',NULL,36,NULL,'media/character_image/Group_573_IxswO8G.png','media/character_image/Group_573_hWY817D.png','media/character_image/Group_573_h4QElIr.png'),(77,'2019-07-31 05:58:11.763837','2019-07-31 05:58:11.764071',NULL,3,62,0,1,0,0,NULL,NULL,0,'Эрэгтэй дүр 1','Эрэгтэй дүр 1',NULL,36,NULL,'media/character_image/Group_590_nVvVp1j.png','media/character_image/Group_590_moR8raF.png','media/character_image/Group_590_WlnqjPN.png'),(78,'2019-07-31 05:58:58.212063','2019-07-31 05:58:58.212210',NULL,1,12,0,2,0,0,NULL,NULL,0,'Зөвлөмж','Шараваа нөгөө юмаа авчихаад Идэрээ рүү харж инээмсэглээд түүнийг татаж үзэхгүй юм уу гэж асуужээ.',NULL,37,NULL,'','',''),(79,'2019-07-31 05:59:31.868216','2019-08-20 14:23:59.332712',NULL,3,61,0,1,0,0,NULL,NULL,0,'Эрэгтэй дүр 1','Эрэгтэй дүр 1',NULL,37,NULL,'media/character_image/Repeat_Grid_203x.png','media/character_image/Repeat_Grid_202x.png','media/character_image/Repeat_Grid_20.png'),(80,'2019-07-31 06:00:09.508381','2019-08-20 14:24:17.920075',NULL,3,62,0,1,0,0,NULL,NULL,0,'Эрэгтэй дүр 2','Эрэгтэй дүр 2',NULL,37,NULL,'media/character_image/Repeat_Grid_213x.png','media/character_image/Repeat_Grid_212x.png','media/character_image/Repeat_Grid_21.png'),(81,'2019-07-31 06:05:13.626987','2019-07-31 06:05:13.627315',NULL,1,10,0,1,0,0,NULL,NULL,0,'Зөвлөмж','Чи татаж үзэхгүй юм уу? Хөгшөөн!',NULL,38,NULL,'','',''),(82,'2019-07-31 06:05:50.727007','2019-08-20 14:25:17.729049',NULL,3,61,0,1,0,0,NULL,NULL,0,'Эрэгтэй дүр','Эрэгтэй дүр',NULL,38,NULL,'media/character_image/Repeat_Grid_203x_iyokVC2.png','media/character_image/Repeat_Grid_202x_yPAtWgF.png','media/character_image/Repeat_Grid_20_Uwaz1zq.png'),(83,'2019-07-31 06:06:20.842317','2019-08-20 14:25:34.327303',NULL,3,62,0,1,0,0,NULL,NULL,0,'Эрэгтэй дүр 2','Эрэгтэй дүр 2',NULL,38,NULL,'media/character_image/Repeat_Grid_213x_nlzekTM.png','media/character_image/Repeat_Grid_212x_yitKpln.png','media/character_image/Repeat_Grid_21_hu6cTWT.png'),(84,'2019-07-31 06:07:04.353627','2019-07-31 06:07:04.353758',NULL,2,10,0,1,0,0,NULL,NULL,0,'Асуулт','Асуулт',6,39,NULL,'','',''),(85,'2019-07-31 06:07:39.533598','2019-08-20 14:26:17.315544',NULL,3,60,0,1,0,0,NULL,NULL,0,'Эрэгтэй дүр','Эрэгтэй дүр',NULL,39,NULL,'media/character_image/Repeat_Grid_13x_Aia6ws7.png','media/character_image/Repeat_Grid_12x_SRIVigu.png','media/character_image/Repeat_Grid_1_ak7dhkW.png'),(86,'2019-07-31 06:08:51.215849','2019-07-31 06:08:51.215978',NULL,1,20,0,3,0,0,NULL,NULL,0,'Зөвлөмж түүх','Хүн ямар 1 шийдвэр гаргахдаа үр дүнг нь үргэлж бодож байх хэрэгтэй. Үр дүнг нь бодоогүй үйлдлээс л болж аюул, эрсдэл үүсдэг юм шүү дээ. Сонголтоо зөв хийсэнд баяр хүргэе.',NULL,40,NULL,'','',''),(87,'2019-07-31 06:09:31.153151','2019-08-20 14:26:52.554918',NULL,3,63,0,1,0,0,NULL,NULL,0,'Эмэгтэй дүр','Эмэгтэй дүр',NULL,40,NULL,'media/character_image/Repeat_Grid_33x_Hm8Psuo.png','media/character_image/Repeat_Grid_32x_DuyiyQM.png','media/character_image/Repeat_Grid_3_sjgwpfg.png'),(88,'2019-07-31 06:09:58.489184','2019-07-31 09:37:48.383817',NULL,1,20,0,1,0,0,NULL,NULL,0,'Зөвлөмж','Хар тамхи нь донтох зуршил, нүдний болор цайх, арьсны гэмтэл, элэгний хортой болон хоргүй хавдар, амьсгалын замын өвчин гээд олон өвчин үүсгэдэг.',NULL,41,NULL,'','',''),(89,'2019-07-31 06:10:32.544132','2019-08-20 14:27:14.774975',NULL,3,63,0,1,0,0,NULL,NULL,0,'Нүдний шилтэй эмэгтэй','Нүдний шилтэй эмэгтэй',NULL,41,NULL,'media/character_image/Repeat_Grid_43x_HnjZ4e0.png','media/character_image/Repeat_Grid_42x_4i8IIru.png','media/character_image/Repeat_Grid_4_raOGjtY.png'),(90,'2019-07-31 06:11:03.831588','2019-07-31 09:39:45.844118',NULL,1,20,0,1,0,0,NULL,NULL,0,'Зөвлөмж','Хар тамхинд донтох нь маш аюултай Нэг үгээр хүний бие, тархи 2 хуваагддаг болно гэсэн үг юм. Чиний тархи болохгүй гэж хэлсэн ч бие чинь нэгэнт донтсон байдаг тул энэ бол маш эрсдэлтэй алхам юм.',NULL,42,NULL,'','',''),(91,'2019-07-31 06:11:39.248798','2019-08-20 14:27:48.458367',NULL,3,63,0,1,0,0,NULL,NULL,0,'Нүдний шилтэй эмэгтэй','Нүдний шилтэй эмэгтэй',NULL,42,NULL,'media/character_image/Repeat_Grid_43x_QgzqBGv.png','media/character_image/Repeat_Grid_42x_WTe8KaH.png','media/character_image/Repeat_Grid_4_r3b8jp8.png'),(92,'2019-07-31 06:16:42.847494','2019-07-31 06:16:42.847679',NULL,1,20,0,2,0,0,NULL,NULL,0,'Зөвлөмж','Нэг л амьдарч үзнэ гээд шоронд хүртэл орж болох гэмт хэргийн шинжтэй үйлдэл хийх хэрэг үү?',NULL,43,NULL,'','',''),(93,'2019-07-31 06:17:29.202091','2019-08-20 14:28:14.083234',NULL,3,63,0,1,0,0,NULL,NULL,0,'Цагдаа','Цагдаа',NULL,43,NULL,'media/character_image/Repeat_Grid_63x_GCsAAUn.png','media/character_image/Repeat_Grid_62x_IKdzlqg.png','media/character_image/Repeat_Grid_6_I01FamJ.png'),(94,'2019-07-31 06:17:49.910453','2019-07-31 06:17:49.910802',NULL,1,10,0,2,0,0,NULL,NULL,0,'Зөвлөмж','Идэрээ хэдийгээр найздаа татгалзах хэцүү байсан ч хар тамхины талаар ямар ч мэдээлэлгүй байсан тул айснаасаа болоод татгалзжээ.',NULL,44,NULL,'','',''),(95,'2019-07-31 06:18:28.074770','2019-08-20 14:28:37.764878',NULL,3,61,0,1,0,0,NULL,NULL,0,'Эрэгтэй дүр 1','Эрэгтэй дүр 1',NULL,44,NULL,'media/character_image/Repeat_Grid_223x.png','media/character_image/Repeat_Grid_222x.png','media/character_image/Repeat_Grid_22.png'),(96,'2019-07-31 06:19:17.427848','2019-07-31 06:19:17.428008',NULL,1,12,0,2,0,0,NULL,NULL,0,'Зөвлөмж','Шараваа цаана байрлах өрөө рүү нөгөөдөхөө хэрэглэхээр оржээ. Харин Идэрээ түүнийг хүлээнгээ Пабжи тоглоод байж байв. Гэтэл пабын хүн найзыгаа ирж аваарай гэж хэлэв.',NULL,45,NULL,'','',''),(97,'2019-07-31 06:19:52.051541','2019-08-20 14:29:40.016457',NULL,3,62,0,1,0,0,NULL,NULL,0,'Эрэгтэй дүр','Эрэгтэй дүр',NULL,45,NULL,'media/character_image/Repeat_Grid_253x.png','media/character_image/Repeat_Grid_252x.png','media/character_image/Repeat_Grid_25.png'),(98,'2019-07-31 06:20:17.128096','2019-07-31 06:20:17.128376',NULL,1,11,0,3,0,0,NULL,NULL,0,'Зөвлөмж','Идэрээ очоод хартал Шараваа шалан дээр сонин байдалтай хэвтэж байсан бөгөөд нэрийг нь дуудахад өөдөөс хачин жигтэй инээгээд байв.',NULL,46,NULL,'','',''),(99,'2019-07-31 06:21:03.929920','2019-08-20 14:30:17.231659',NULL,3,63,0,1,0,0,NULL,NULL,0,'Эрэгтэй дүр','Эрэгтэй дүр',NULL,46,NULL,'media/character_image/Repeat_Grid_263x.png','media/character_image/Repeat_Grid_262x.png','media/character_image/Repeat_Grid_26.png'),(100,'2019-08-20 14:33:36.011330','2019-08-20 14:33:36.011372',NULL,2,12,0,1,0,0,NULL,NULL,0,'ИДЭРЭЭ ЯАСАН НЬ ДЭЭР ВЭ?','ИДЭРЭЭ ЯАСАН НЬ ДЭЭР ВЭ?',7,47,NULL,'','',''),(101,'2019-08-20 14:36:48.694018','2019-08-20 14:36:48.694059',NULL,3,60,0,1,0,0,NULL,NULL,0,'Дүр эрэгтэй','Дүр эрэгтэй',NULL,47,NULL,'media/character_image/Repeat_Grid_13x_ot8qFGw.png','media/character_image/Repeat_Grid_12x_o7J06WG.png','media/character_image/Repeat_Grid_1_e4kaPQH.png'),(102,'2019-08-20 14:39:20.181701','2019-08-20 14:39:20.181744',NULL,1,20,0,2,0,0,NULL,NULL,7,'Энэ магадгүй хамгийн зөв сонголт байх. Найз чинь одоохондоо чамд гомдож болох ч хойшдын амьдралыг нь','Энэ магадгүй хамгийн зөв сонголт байх. Найз чинь одоохондоо чамд гомдож болох ч хойшдын амьдралыг нь хар тамхи гэх бараан зүйлээс холдуулсанд баярлах болно.',NULL,48,NULL,'','',''),(103,'2019-08-20 14:40:06.176832','2019-08-20 14:40:06.176874',NULL,3,63,0,1,0,0,NULL,NULL,0,'Багш','Багш эмэгтэй',NULL,48,NULL,'media/character_image/Repeat_Grid_43x_E0mg4MK.png','media/character_image/Repeat_Grid_42x_yntjWzW.png','media/character_image/Repeat_Grid_4_3eJcFPD.png'),(104,'2019-08-20 14:40:51.913447','2019-08-20 14:40:51.913489',NULL,1,20,0,1,0,0,NULL,NULL,7,'Сандарснаасаа болоод мэдээж ингэж байх. Гэхдээ ингээд ямар 1 тустай зүйл болно гэж үү?','Сандарснаасаа болоод мэдээж ингэж байх. Гэхдээ ингээд ямар 1 тустай зүйл болно гэж үү?',NULL,49,NULL,'','',''),(105,'2019-08-20 14:41:28.126395','2019-08-20 14:41:28.126441',NULL,3,63,0,1,0,0,NULL,NULL,0,'Багш залуу эмэгтэй','Багш залуу эмэгтэй',NULL,49,NULL,'media/character_image/Repeat_Grid_33x_iBLGf2n.png','media/character_image/Repeat_Grid_32x_nEAUCC6.png','media/character_image/Repeat_Grid_3_pF1928a.png'),(106,'2019-08-20 14:41:56.870580','2019-08-20 14:41:56.870739',NULL,1,20,0,2,0,0,NULL,NULL,7,'Хэрвээ Шараваагийн эрүүл мэндэд ноцтой аюул учирвал яах болж байна аа? Зүгээр болохгүй бол яахав?','Хэрвээ Шараваагийн эрүүл мэндэд ноцтой аюул учирвал яах болж байна аа? Зүгээр болохгүй бол яахав?',NULL,50,NULL,'','',''),(107,'2019-08-20 14:42:38.146342','2019-08-20 14:42:38.146383',NULL,3,63,0,1,0,0,NULL,NULL,0,'Багш сахалтай эрэгтэй','Багш сахалтай эрэгтэй',NULL,50,NULL,'media/character_image/Repeat_Grid_53x_X92rmQK.png','media/character_image/Repeat_Grid_52x_vIkgnux.png','media/character_image/Repeat_Grid_5_jvdpJa6.png'),(108,'2019-08-20 14:43:10.455459','2019-08-20 14:43:10.455507',NULL,1,20,0,2,0,0,NULL,NULL,7,'Анхнаасаа энэ үр дүнд хүрэхгүй байхын тул яах хэрэгтэй бол? Нэгэнт ямар 1 үйлдэл аль хэдийн хийсэн б','Анхнаасаа энэ үр дүнд хүрэхгүй байхын тул яах хэрэгтэй бол? Нэгэнт ямар 1 үйлдэл аль хэдийн хийсэн бол хариуцлагатай байх  хэрэгтэй шүү.',NULL,51,NULL,'','',''),(109,'2019-08-20 14:43:51.535923','2019-08-20 14:43:51.535963',NULL,3,63,0,1,0,0,NULL,NULL,0,'Багш залуу эмэгтэй','Багш залуу эмэгтэй',NULL,51,NULL,'media/character_image/Repeat_Grid_33x_t3hXp3e.png','media/character_image/Repeat_Grid_32x_iXtnvXY.png','media/character_image/Repeat_Grid_3_O8BEUrH.png'),(110,'2019-08-20 14:44:30.259967','2019-08-20 14:44:30.260010',NULL,1,10,0,3,0,0,NULL,NULL,0,'Идэрээ найзынхаа ийм үйлдлийг хараад маш их сандарч, буруу зүйл хийх гэж байхад нь хориглоогүйдээ ма','Идэрээ найзынхаа ийм үйлдлийг хараад маш их сандарч, буруу зүйл хийх гэж байхад нь хориглоогүйдээ маш их харамсчээ. Найз гэдэг бол хамтдаа зөв зүйл хийх ёстой хүмүүс гэдгийг Идэрээ ойлгож авчээ.',NULL,52,NULL,'','',''),(111,'2019-08-20 14:45:07.245619','2019-08-20 14:45:07.245660',NULL,0,63,0,1,0,0,NULL,NULL,0,'Идэрээ өөрөө','Идэрээ өөрөө',NULL,52,NULL,'media/character_image/Repeat_Grid_263x_Z9A720L.png','media/character_image/Repeat_Grid_262x_SY3vxOH.png','media/character_image/Repeat_Grid_26_dxPqwh7.png');
/*!40000 ALTER TABLE `story_content` ENABLE KEYS */;
UNLOCK TABLES;

--
-- Table structure for table `story_question`
--

DROP TABLE IF EXISTS `story_question`;
/*!40101 SET @saved_cs_client     = @@character_set_client */;
 SET character_set_client = utf8mb4 ;
CREATE TABLE `story_question` (
  `id` int(11) NOT NULL AUTO_INCREMENT,
  `createdAt` datetime(6) NOT NULL,
  `updatedAt` datetime(6) NOT NULL,
  `deletedAt` datetime(6) DEFAULT NULL,
  `question` varchar(500) NOT NULL,
  `text` varchar(500) NOT NULL,
  `order_num` int(11) NOT NULL,
  PRIMARY KEY (`id`)
) ENGINE=InnoDB AUTO_INCREMENT=8 DEFAULT CHARSET=utf8mb4;
/*!40101 SET character_set_client = @saved_cs_client */;

--
-- Dumping data for table `story_question`
--

LOCK TABLES `story_question` WRITE;
/*!40000 ALTER TABLE `story_question` DISABLE KEYS */;
INSERT INTO `story_question` VALUES (2,'2019-06-28 05:18:23.634034','2019-06-28 05:18:23.634070',NULL,'ИДЭРЭЭ ЯАСАН НЬ ДЭЭР ВЭ?','ИДЭРЭЭ ЯАСАН НЬ ДЭЭР ВЭ?',1),(3,'2019-07-30 14:35:34.822350','2019-07-30 14:35:34.822387',NULL,'ИДЭРЭЭ АРХИ УУХ ХЭРЭГТЭЙ ЮУ?','ИДЭРЭЭ АРХИ УУХ ХЭРЭГТЭЙ ЮУ?',2),(4,'2019-07-31 05:29:07.796175','2019-07-31 05:29:07.796303',NULL,'ИДЭРЭЭ ЯАСАН НЬ ДЭЭР ВЭ?','ИДЭРЭЭ ЯАСАН НЬ ДЭЭР ВЭ?',3),(5,'2019-07-31 05:44:30.949234','2019-07-31 05:44:30.949361',NULL,'ШАРАВААТАЙ ЯАЖ ХАРЬЦВАЛ ДЭЭР ВЭ?','ШАРАВААТАЙ ЯАЖ ХАРЬЦВАЛ ДЭЭР ВЭ?',5),(6,'2019-07-31 06:06:54.131724','2019-07-31 06:06:54.132003',NULL,'ИДЭРЭЭ ТАТАЖ ҮЗСЭН НЬ ДЭЭР ҮҮ?','ИДЭРЭЭ ТАТАЖ ҮЗСЭН НЬ ДЭЭР ҮҮ?',6),(7,'2019-08-20 14:33:08.063181','2019-08-20 14:33:08.063221',NULL,'ИДЭРЭЭ ЯАСАН НЬ ДЭЭР ВЭ?','ИДЭРЭЭ ЯАСАН НЬ ДЭЭР ВЭ?',7);
/*!40000 ALTER TABLE `story_question` ENABLE KEYS */;
UNLOCK TABLES;

--
-- Table structure for table `story_story`
--

DROP TABLE IF EXISTS `story_story`;
/*!40101 SET @saved_cs_client     = @@character_set_client */;
 SET character_set_client = utf8mb4 ;
CREATE TABLE `story_story` (
  `id` int(11) NOT NULL AUTO_INCREMENT,
  `createdAt` datetime(6) NOT NULL,
  `updatedAt` datetime(6) NOT NULL,
  `deletedAt` datetime(6) DEFAULT NULL,
  `name` varchar(250) NOT NULL,
  `order_num` int(11) NOT NULL,
  `avatar` varchar(100) NOT NULL,
  `character_id` int(11) NOT NULL,
  `is_publish` int(11) NOT NULL,
  PRIMARY KEY (`id`),
  KEY `story_story_character_id_d40a7bf1_fk_user_character_id` (`character_id`),
  CONSTRAINT `story_story_character_id_d40a7bf1_fk_user_character_id` FOREIGN KEY (`character_id`) REFERENCES `user_character` (`id`)
) ENGINE=InnoDB AUTO_INCREMENT=7 DEFAULT CHARSET=utf8mb4;
/*!40101 SET character_set_client = @saved_cs_client */;

--
-- Dumping data for table `story_story`
--

LOCK TABLES `story_story` WRITE;
/*!40000 ALTER TABLE `story_story` DISABLE KEYS */;
INSERT INTO `story_story` VALUES (2,'2019-07-08 08:26:26.083074','2019-07-21 07:42:09.012181',NULL,'Enkhdulguun',2,'',3,0),(3,'2019-07-08 08:26:37.447729','2019-07-21 07:42:04.018588',NULL,'Ideree',1,'',2,0),(4,'2019-07-08 08:27:45.159470','2019-07-08 08:27:45.159505',NULL,'Kherlen',4,'',6,0),(5,'2019-07-08 08:27:55.824819','2019-07-08 08:27:55.824857',NULL,'Sanaa',5,'',7,0),(6,'2019-07-08 08:28:07.400807','2019-07-21 07:42:23.279317',NULL,'Ganbodol',3,'',5,0);
/*!40000 ALTER TABLE `story_story` ENABLE KEYS */;
UNLOCK TABLES;

--
-- Table structure for table `story_storystep`
--

DROP TABLE IF EXISTS `story_storystep`;
/*!40101 SET @saved_cs_client     = @@character_set_client */;
 SET character_set_client = utf8mb4 ;
CREATE TABLE `story_storystep` (
  `id` int(11) NOT NULL AUTO_INCREMENT,
  `createdAt` datetime(6) NOT NULL,
  `updatedAt` datetime(6) NOT NULL,
  `deletedAt` datetime(6) DEFAULT NULL,
  `name` varchar(100) NOT NULL,
  `background` varchar(100) NOT NULL,
  `next_step` int(11) NOT NULL,
  `prev_step` int(11) NOT NULL,
  `story_id` int(11) NOT NULL,
  `order_num` int(11) NOT NULL,
  PRIMARY KEY (`id`),
  KEY `story_storystep_story_id_f3346051_fk_story_story_id` (`story_id`),
  CONSTRAINT `story_storystep_story_id_f3346051_fk_story_story_id` FOREIGN KEY (`story_id`) REFERENCES `story_story` (`id`)
) ENGINE=InnoDB AUTO_INCREMENT=53 DEFAULT CHARSET=utf8mb4;
/*!40101 SET character_set_client = @saved_cs_client */;

--
-- Dumping data for table `story_storystep`
--

LOCK TABLES `story_storystep` WRITE;
/*!40000 ALTER TABLE `story_storystep` DISABLE KEYS */;
INSERT INTO `story_storystep` VALUES (1,'2019-06-26 10:28:28.930933','2019-08-19 11:18:04.005193',NULL,'Ideree 1.1','media/character/Ideree_1.13x_nPYRo4G.png',2,2,3,1),(2,'2019-06-26 10:29:39.460352','2019-08-06 12:49:18.674701',NULL,'Ideree 1.2','media/character/Ideree_1.23x_pcv5FsS.png',3,1,3,2),(3,'2019-06-26 10:31:14.303553','2019-08-19 11:22:07.123632',NULL,'Ideree 1.3','media/character/Ideree_1.33x_y3P058c.png',4,2,3,3),(4,'2019-06-26 13:04:39.103435','2019-08-06 12:49:37.928191',NULL,'Ideree 1.4','media/character/Ideree_1.43x_exE4INH.png',5,3,3,4),(5,'2019-06-26 13:05:24.659785','2019-08-06 12:49:58.672101',NULL,'Ideree 1.5','media/character/Ideree_1.53x_vZs6Kko.png',6,4,3,5),(6,'2019-06-26 13:05:54.129686','2019-08-06 12:50:07.623426',NULL,'Ideree 1.6','media/character/Ideree_1.63x_somQ67a.png',7,5,3,6),(7,'2019-06-26 13:06:23.987630','2019-08-06 12:50:16.441666',NULL,'Ideree 1.7','media/character/Ideree_1.73x_JygEiTC.png',8,6,3,7),(8,'2019-06-26 13:09:13.895471','2019-08-19 11:20:06.649888',NULL,'Ideree 1.8','media/character/Ideree_1.8-cons3x_vmketlr.png',13,7,3,8),(13,'2019-07-10 07:16:27.599695','2019-08-06 12:52:41.046658',NULL,'Ideree 2.1','media/character/Ideree_2.13x_Qdk1wIS.png',14,12,3,9),(14,'2019-07-10 07:22:08.284887','2019-08-06 12:52:52.282341',NULL,'Ideree 2.2','media/character/Ideree_2.23x_qqvuQQy.png',15,13,3,10),(15,'2019-07-10 07:22:22.644124','2019-08-19 11:22:21.765367',NULL,'Ideree 2.3','media/character/Ideree_2.33x_RMSnXLw.png',16,14,3,11),(16,'2019-07-10 07:22:49.001111','2019-08-06 12:53:13.136230',NULL,'Ideree 2.4','media/character/Ideree_2.43x.png',17,17,3,12),(17,'2019-07-10 07:23:05.097742','2019-08-06 12:53:22.677121',NULL,'Ideree 2.5','media/character/Ideree_2.53x.png',18,16,3,13),(18,'2019-07-10 07:26:49.013067','2019-08-06 12:55:45.024158',NULL,'Ideree 2.6','media/character/Ideree_2.63x.png',19,17,3,14),(19,'2019-07-10 07:27:05.043001','2019-08-06 12:55:53.733947',NULL,'Ideree 2.7','media/character/Ideree_2.73x.png',20,18,3,15),(20,'2019-07-10 07:28:01.505665','2019-08-19 11:20:24.428237',NULL,'Ideree 2.8','media/character/Ideree_2.8-cons3x_37qxV5C.png',21,19,3,16),(21,'2019-07-10 07:35:07.157066','2019-08-06 12:59:52.375512',NULL,'Ideree 3.1','media/character/Ideree_3.13x_Vw2aAuN.png',22,20,3,17),(22,'2019-07-10 07:47:58.238986','2019-08-06 13:00:06.392834',NULL,'Ideree 3.2','media/character/Ideree_3.23x_WL0qRgc.png',23,21,3,18),(23,'2019-07-16 05:12:09.037983','2019-08-19 11:22:39.795529',NULL,'Ideree 3.3','media/character/Ideree_3.3_DQHmehc.png',24,22,3,19),(24,'2019-07-16 05:12:36.443584','2019-08-06 13:00:40.413265',NULL,'Ideree 3.4','media/character/Ideree_3.43x_ynHAS5a.png',25,23,3,20),(25,'2019-07-16 05:12:52.382843','2019-08-06 13:00:50.257496',NULL,'Ideree 3.5','media/character/Ideree_3.53x_FBKc1Gd.png',26,24,3,21),(26,'2019-07-16 05:13:06.690590','2019-08-06 13:00:58.450652',NULL,'Ideree 3.6','media/character/Ideree_3.63x_cb0HAbO.png',27,25,3,22),(27,'2019-07-16 05:13:23.144880','2019-08-06 13:01:07.420629',NULL,'Ideree 3.7','media/character/Ideree_3.73x.png',28,26,3,23),(28,'2019-07-16 05:13:42.464866','2019-08-19 11:20:37.938960',NULL,'Ideree 3.8','media/character/Ideree_3.8-cons3x_RBSOYgm.png',29,27,3,24),(29,'2019-07-16 05:14:04.885108','2019-08-06 13:03:04.395014',NULL,'Ideree 4.1','media/character/Ideree_4.13x.png',30,28,3,25),(30,'2019-07-16 05:51:10.423274','2019-08-06 13:03:12.903816',NULL,'Ideree 4.2','media/character/Ideree_4.23x.png',31,29,3,26),(31,'2019-07-16 05:51:33.947581','2019-08-19 11:22:52.594134',NULL,'Ideree 4.3','media/character/Ideree_4.33x_YKg4KKW.png',32,30,3,27),(32,'2019-07-16 05:51:53.444186','2019-08-06 13:03:32.594123',NULL,'Ideree 4.4','media/character/Ideree_4.43x.png',33,31,3,28),(33,'2019-07-16 05:52:06.290558','2019-08-06 13:03:42.626291',NULL,'Ideree 4.5','media/character/Ideree_4.53x.png',34,32,3,29),(34,'2019-07-16 05:52:47.916110','2019-08-06 13:03:52.971289',NULL,'Ideree 4.6','media/character/Ideree_4.63x.png',35,33,3,30),(35,'2019-07-16 05:53:01.075745','2019-08-06 13:04:01.210082',NULL,'Ideree 4.7','media/character/Ideree_4.73x.png',36,34,3,31),(36,'2019-07-16 05:53:14.179439','2019-08-19 11:20:55.295202',NULL,'Ideree 4.8','media/character/Ideree_4.8-cons3x_zArdfVl.png',37,35,3,32),(37,'2019-07-16 05:53:40.214314','2019-08-06 13:06:08.941210',NULL,'Ideree 5.1','media/character/Ideree_5.13x_QkTZIl7.png',38,36,3,33),(38,'2019-07-16 05:54:07.963794','2019-08-06 13:06:17.154911',NULL,'Ideree 5.2','media/character/Ideree_5.23x.png',39,37,3,34),(39,'2019-07-16 05:54:25.538643','2019-08-19 11:23:08.647695',NULL,'Ideree 5.3','media/character/Ideree_5.33x_3ViZHpb.png',40,38,3,35),(40,'2019-07-16 05:54:50.627296','2019-08-06 13:06:35.302767',NULL,'Ideree 5.4','media/character/Ideree_5.43x.png',41,39,3,36),(41,'2019-07-16 05:55:07.577577','2019-08-06 13:06:45.110680',NULL,'Ideree 5.5','media/character/Ideree_5.53x.png',42,40,3,37),(42,'2019-07-16 05:55:23.607640','2019-08-06 13:06:55.810759',NULL,'Ideree 5.6','media/character/Ideree_5.63x.png',43,41,3,38),(43,'2019-07-16 05:55:38.713187','2019-08-06 13:07:17.128694',NULL,'Ideree 5.7','media/character/Ideree_5.73x.png',44,42,3,39),(44,'2019-07-16 05:55:54.951540','2019-08-19 11:21:09.839564',NULL,'Ideree 5.8','media/character/Ideree_5.8-cons3x_YWT0mxU.png',45,43,3,40),(45,'2019-07-16 05:56:18.513992','2019-08-06 13:07:43.420587',NULL,'Ideree 6.1','media/character/Ideree_6.13x.png',46,44,3,41),(46,'2019-07-16 05:56:31.656564','2019-08-19 11:18:56.805790',NULL,'Ideree 6.2','media/character/Ideree_6.23x_R5lmQFz.png',47,45,3,42),(47,'2019-07-16 05:56:49.052366','2019-08-19 11:23:26.435845',NULL,'Ideree 6.3','media/character/Ideree_6.33x.png',48,46,3,43),(48,'2019-07-16 05:57:03.534859','2019-08-06 13:08:30.208076',NULL,'Ideree 6.4','media/character/Ideree_6.43x.png',49,47,3,44),(49,'2019-07-16 05:57:17.153243','2019-08-06 13:08:39.849829',NULL,'Ideree 6.5','media/character/Ideree_6.53x.png',50,48,3,45),(50,'2019-07-16 05:57:29.173709','2019-07-31 10:11:19.482822',NULL,'Ideree 6.6','media/character/Ideree_6.6.png',51,49,3,46),(51,'2019-07-16 05:57:41.384278','2019-08-06 13:08:49.380193',NULL,'Ideree 6.7','media/character/Ideree_6.73x.png',52,50,3,47),(52,'2019-07-16 05:57:56.379914','2019-08-19 11:21:25.074481',NULL,'Ideree 6.8','media/character/Ideree_6.8-cons3x_gv2alY5.png',0,51,3,48);
/*!40000 ALTER TABLE `story_storystep` ENABLE KEYS */;
UNLOCK TABLES;

--
-- Table structure for table `story_userstory`
--

DROP TABLE IF EXISTS `story_userstory`;
/*!40101 SET @saved_cs_client     = @@character_set_client */;
 SET character_set_client = utf8mb4 ;
CREATE TABLE `story_userstory` (
  `id` int(11) NOT NULL AUTO_INCREMENT,
  `createdAt` datetime(6) NOT NULL,
  `updatedAt` datetime(6) NOT NULL,
  `deletedAt` datetime(6) DEFAULT NULL,
  `step_id` int(11) DEFAULT NULL,
  `story_id` int(11) NOT NULL,
  `user_id` int(11) NOT NULL,
  `type` int(11) NOT NULL,
  `answer_id` int(11) DEFAULT NULL,
  PRIMARY KEY (`id`),
  KEY `story_userstory_step_id_id_ff1d11f3_fk_story_storystep_id` (`step_id`),
  KEY `story_userstory_story_id_id_49189f33_fk_story_story_id` (`story_id`),
  KEY `story_userstory_user_id_id_dc3b6146_fk_user_lhuser_id` (`user_id`),
  KEY `story_userstory_answer_id_650c45ba_fk_story_answer_id` (`answer_id`),
  CONSTRAINT `story_userstory_answer_id_650c45ba_fk_story_answer_id` FOREIGN KEY (`answer_id`) REFERENCES `story_answer` (`id`),
  CONSTRAINT `story_userstory_step_id_e1469524_fk_story_storystep_id` FOREIGN KEY (`step_id`) REFERENCES `story_storystep` (`id`),
  CONSTRAINT `story_userstory_story_id_dd504e95_fk_story_story_id` FOREIGN KEY (`story_id`) REFERENCES `story_story` (`id`),
  CONSTRAINT `story_userstory_user_id_571dc63b_fk_user_lhuser_id` FOREIGN KEY (`user_id`) REFERENCES `user_lhuser` (`id`)
) ENGINE=InnoDB AUTO_INCREMENT=49 DEFAULT CHARSET=utf8mb4;
/*!40101 SET character_set_client = @saved_cs_client */;

--
-- Dumping data for table `story_userstory`
--

LOCK TABLES `story_userstory` WRITE;
/*!40000 ALTER TABLE `story_userstory` DISABLE KEYS */;
INSERT INTO `story_userstory` VALUES (1,'2019-07-16 11:12:17.854623','2019-07-16 11:12:17.855379',NULL,1,3,1,0,0),(2,'2019-07-16 11:12:39.924345','2019-07-16 11:12:39.924478',NULL,1,3,2,0,0),(3,'2019-07-16 11:12:54.725476','2019-07-16 11:12:54.725540',NULL,1,3,1,0,0),(4,'2019-07-16 11:14:41.617801','2019-07-16 11:14:41.617869',NULL,2,1,1,0,0),(5,'2019-07-16 11:18:41.211216','2019-07-16 11:18:41.211281',NULL,1,1,1,0,0),(6,'2019-07-17 02:11:39.524735','2019-07-17 02:11:39.525097',NULL,1,1,1,0,0),(7,'2019-07-17 16:00:16.764705','2019-07-17 16:00:16.765227',NULL,1,1,1,0,0),(8,'2019-07-19 05:41:30.137301','2019-07-19 05:41:30.137447',NULL,1,1,1,0,NULL),(9,'2019-07-19 05:42:25.501890','2019-07-19 05:42:25.502343',NULL,1,1,1,0,NULL),(10,'2019-07-19 05:46:42.014769','2019-07-19 05:46:42.016116',NULL,1,1,1,0,NULL),(11,'2019-07-19 05:53:06.327807','2019-07-19 05:53:06.328518',NULL,1,1,1,0,10),(12,'2019-07-19 05:54:16.763309','2019-07-19 05:54:16.763704',NULL,10,1,11,0,10),(13,'2019-07-19 05:59:27.476470','2019-07-19 05:59:27.477281',NULL,10,1,11,0,10),(14,'2019-07-19 06:00:02.861108','2019-07-19 06:00:02.861251',NULL,10,1,11,0,10),(15,'2019-07-19 06:01:47.567823','2019-07-19 06:01:47.568072',NULL,10,1,11,0,10),(16,'2019-07-19 06:04:48.449718','2019-07-19 06:04:48.450201',NULL,10,1,11,0,10),(17,'2019-07-19 06:36:48.248096','2019-07-19 06:36:48.248240',NULL,10,1,11,0,10),(18,'2019-07-19 06:40:21.390108','2019-07-19 06:40:21.390248',NULL,10,1,11,0,10),(19,'2019-07-19 06:45:25.694345','2019-07-19 06:45:25.694761',NULL,10,1,11,0,10),(20,'2019-07-19 06:46:24.508441','2019-07-19 06:46:24.508719',NULL,10,1,11,0,10),(21,'2019-07-19 06:49:20.298116','2019-07-19 06:49:20.299018',NULL,10,1,11,0,10),(22,'2019-07-19 06:51:14.590733','2019-07-19 06:51:14.590871',NULL,10,1,11,0,10),(23,'2019-07-19 06:52:03.004777','2019-07-19 06:52:03.005078',NULL,10,1,11,0,10),(24,'2019-07-19 07:17:41.312022','2019-07-19 07:17:41.312764',NULL,10,1,11,0,10),(25,'2019-07-19 09:16:20.581963','2019-07-19 09:16:20.582654',NULL,10,1,11,0,10),(26,'2019-07-19 09:16:50.521959','2019-07-19 09:16:50.522101',NULL,10,1,11,0,10),(27,'2019-07-28 07:02:19.667145','2019-07-28 07:02:19.667271',NULL,40,2,21,0,NULL),(28,'2019-07-28 07:12:42.569050','2019-07-28 07:12:42.569168',NULL,40,2,21,1,21),(29,'2019-07-28 07:13:08.701071','2019-07-28 07:13:08.701728',NULL,40,2,21,2,21),(30,'2019-07-28 07:13:39.838394','2019-07-28 07:13:39.838527',NULL,40,2,21,2,21),(31,'2019-07-28 07:14:05.140968','2019-07-28 07:14:05.141202',NULL,40,2,21,2,21),(32,'2019-07-28 07:14:18.562128','2019-07-28 07:14:18.562282',NULL,40,2,21,1,21),(33,'2019-07-28 07:18:08.108484','2019-07-28 07:18:08.109056',NULL,NULL,2,21,1,21),(34,'2019-07-28 07:18:32.265749','2019-07-28 07:18:32.265822',NULL,NULL,2,21,2,21),(35,'2019-07-28 07:20:13.979841','2019-07-28 07:20:13.980230',NULL,NULL,2,21,2,21),(36,'2019-07-28 07:20:39.849706','2019-07-28 07:20:39.849843',NULL,NULL,2,21,1,21),(37,'2019-07-28 07:23:42.909932','2019-07-28 07:23:42.910329',NULL,40,1,21,1,NULL),(38,'2019-07-28 07:23:59.492348','2019-07-28 07:23:59.492533',NULL,NULL,1,21,2,21),(39,'2019-07-28 07:27:04.265760','2019-07-28 07:27:04.266075',NULL,NULL,1,21,2,21),(40,'2019-07-28 07:27:24.444522','2019-07-28 07:27:24.444656',NULL,40,1,21,1,NULL),(41,'2019-07-28 07:28:23.185745','2019-07-28 07:28:23.186905',NULL,40,1,21,1,NULL),(42,'2019-07-28 07:29:36.532195','2019-07-28 07:29:36.532781',NULL,40,1,21,1,NULL),(43,'2019-07-28 07:30:06.055173','2019-07-28 07:30:06.055337',NULL,40,1,21,1,NULL),(44,'2019-07-28 07:30:48.709722','2019-07-28 07:30:48.710123',NULL,40,1,1,1,NULL),(45,'2019-07-28 07:37:26.640319','2019-07-28 07:37:26.640392',NULL,40,3,1,1,NULL),(46,'2019-07-28 07:38:02.601995','2019-07-28 07:38:02.602065',NULL,NULL,3,1,2,4),(47,'2019-07-28 10:54:17.587655','2019-07-28 10:54:17.587908',NULL,NULL,3,1,2,4),(48,'2019-07-30 17:44:48.340841','2019-07-30 17:44:48.341005',NULL,10,1,11,0,10);
/*!40000 ALTER TABLE `story_userstory` ENABLE KEYS */;
UNLOCK TABLES;

--
-- Table structure for table `user_character`
--

DROP TABLE IF EXISTS `user_character`;
/*!40101 SET @saved_cs_client     = @@character_set_client */;
 SET character_set_client = utf8mb4 ;
CREATE TABLE `user_character` (
  `id` int(11) NOT NULL AUTO_INCREMENT,
  `createdAt` datetime(6) NOT NULL,
  `updatedAt` datetime(6) NOT NULL,
  `deletedAt` datetime(6) DEFAULT NULL,
  `name` varchar(100) NOT NULL,
  `age` int(11) NOT NULL,
  `character_type` int(11) NOT NULL,
  `gender` int(11) NOT NULL,
  `avatar_img_l` varchar(100) NOT NULL,
  `avatar_img_m` varchar(100) NOT NULL,
  `avatar_img_s` varchar(100) NOT NULL,
  PRIMARY KEY (`id`)
) ENGINE=InnoDB AUTO_INCREMENT=8 DEFAULT CHARSET=utf8mb4;
/*!40101 SET character_set_client = @saved_cs_client */;

--
-- Dumping data for table `user_character`
--

LOCK TABLES `user_character` WRITE;
/*!40000 ALTER TABLE `user_character` DISABLE KEYS */;
INSERT INTO `user_character` VALUES (2,'2019-06-26 12:53:52.549804','2019-07-21 07:52:09.564196',NULL,'Идэрээ',15,0,1,'media/character/avatar_l/Dulguunjargal_VDuHnrD.png','media/character/avatar_m/Dulguunjargal_GGi38el.png','media/character/avatar_s/Dulguunjargal_bwavI52.png'),(3,'2019-07-05 09:35:28.962164','2019-07-21 07:39:50.564169',NULL,'Энхдөлгөөн',15,0,0,'media/character/avatar_l/Enkhdulguun.png','media/character/avatar_m/Enkhdulguun.png','media/character/avatar_s/Enkhdulguun.png'),(4,'2019-07-05 09:35:57.661503','2019-07-21 07:39:59.398489',NULL,'Дөлгөөнжаргал',15,0,1,'media/character/avatar_l/Dulguunjargal.png','media/character/avatar_m/Dulguunjargal.png','media/character/avatar_s/Dulguunjargal.png'),(5,'2019-07-05 09:36:20.410371','2019-07-21 07:40:06.599233',NULL,'Ганбодол',15,0,1,'media/character/avatar_l/Ganbodol.png','media/character/avatar_m/Ganbodol.png','media/character/avatar_s/Ganbodol.png'),(6,'2019-07-05 09:37:00.596666','2019-07-21 07:40:14.001430',NULL,'Хэрлэн',15,0,0,'media/character/avatar_l/Kherlen.png','media/character/avatar_m/Kherlen.png','media/character/avatar_s/Kherlen.png'),(7,'2019-07-05 09:37:18.832233','2019-07-21 07:40:22.008369',NULL,'Санаа',15,0,0,'media/character/avatar_l/Group_1991.png','media/character/avatar_m/Group_1991.png','media/character/avatar_s/Group_1991.png');
/*!40000 ALTER TABLE `user_character` ENABLE KEYS */;
UNLOCK TABLES;

--
-- Table structure for table `user_characterimage`
--

DROP TABLE IF EXISTS `user_characterimage`;
/*!40101 SET @saved_cs_client     = @@character_set_client */;
 SET character_set_client = utf8mb4 ;
CREATE TABLE `user_characterimage` (
  `id` int(11) NOT NULL AUTO_INCREMENT,
  `createdAt` datetime(6) NOT NULL,
  `updatedAt` datetime(6) NOT NULL,
  `deletedAt` datetime(6) DEFAULT NULL,
  `character_id` int(11) NOT NULL,
  `image_l` varchar(100) NOT NULL,
  `image_m` varchar(100) NOT NULL,
  `image_s` varchar(100) NOT NULL,
  PRIMARY KEY (`id`),
  KEY `user_characterimage_character_id_81e5a087_fk_user_character_id` (`character_id`),
  CONSTRAINT `user_characterimage_character_id_81e5a087_fk_user_character_id` FOREIGN KEY (`character_id`) REFERENCES `user_character` (`id`)
) ENGINE=InnoDB AUTO_INCREMENT=10 DEFAULT CHARSET=utf8mb4;
/*!40101 SET character_set_client = @saved_cs_client */;

--
-- Dumping data for table `user_characterimage`
--

LOCK TABLES `user_characterimage` WRITE;
/*!40000 ALTER TABLE `user_characterimage` DISABLE KEYS */;
INSERT INTO `user_characterimage` VALUES (4,'2019-06-26 12:53:52.550471','2019-07-08 07:51:56.528294',NULL,2,'media/character/Group_571_SAJgHLg.png','media/character/Group_571_YyyfIcv.png','media/character/Group_571_wWUhP80.png'),(5,'2019-07-05 09:35:28.964692','2019-07-08 07:51:20.181442',NULL,3,'media/character/Group_582_19snvvN.png','media/character/Group_582_DoKBcbT.png','media/character/Group_582_ACd8b81.png'),(6,'2019-07-05 09:35:57.662534','2019-07-08 07:50:26.254636',NULL,4,'media/character/Group_2018_TjWezhj.png','media/character/Group_2018_4LkeVEl.png','media/character/Group_2018_8BjX5Bq.png'),(7,'2019-07-05 09:36:20.411190','2019-07-08 07:44:19.712213',NULL,5,'media/character/Group_576_j7TBHo9.png','media/character/Group_576_4aMhgFt.png','media/character/Group_576_SNtEYtQ.png'),(8,'2019-07-05 09:37:00.597683','2019-07-08 07:41:26.384563',NULL,6,'media/character/Group_653_5EnA10y.png','media/character/Group_653_KetrtqZ.png','media/character/Group_653_HIaeZLc.png'),(9,'2019-07-05 09:37:18.833006','2019-07-08 07:08:13.345188',NULL,7,'media/character/Group_682_BQsiWzZ.png','media/character/Group_682_lrjy6Ly.png','media/character/Group_682_4NZCbiq.png');
/*!40000 ALTER TABLE `user_characterimage` ENABLE KEYS */;
UNLOCK TABLES;

--
-- Table structure for table `user_lhuser`
--

DROP TABLE IF EXISTS `user_lhuser`;
/*!40101 SET @saved_cs_client     = @@character_set_client */;
 SET character_set_client = utf8mb4 ;
CREATE TABLE `user_lhuser` (
  `id` int(11) NOT NULL AUTO_INCREMENT,
  `password` varchar(128) NOT NULL,
  `last_login` datetime(6) DEFAULT NULL,
  `is_superuser` tinyint(1) NOT NULL,
  `username` varchar(100) NOT NULL,
  `first_name` varchar(100) NOT NULL,
  `last_name` varchar(100) NOT NULL,
  `email` varchar(254) NOT NULL,
  `is_staff` tinyint(1) NOT NULL,
  `is_active` tinyint(1) NOT NULL,
  `date_joined` datetime(6) NOT NULL,
  `dob` int(11) NOT NULL,
  `gender` int(11) NOT NULL,
  `device_id` varchar(100) NOT NULL,
  `profile_img` varchar(100) NOT NULL,
  PRIMARY KEY (`id`)
) ENGINE=InnoDB AUTO_INCREMENT=53 DEFAULT CHARSET=utf8mb4;
/*!40101 SET character_set_client = @saved_cs_client */;

--
-- Dumping data for table `user_lhuser`
--

LOCK TABLES `user_lhuser` WRITE;
/*!40000 ALTER TABLE `user_lhuser` DISABLE KEYS */;
INSERT INTO `user_lhuser` VALUES (1,'pbkdf2_sha256$36000$Ww9KNbwuFxAg$SS9DXkiT5aRk2wchLshPSZ1nuBnBRjXa12hIJ5DN8P0=','2019-08-19 10:58:25.366285',1,'bazar','Bazar','Janchivdorj','bazar8899@yahoo.com',1,1,'2019-07-24 14:07:16.449924',0,1,'pkerjith14385usndmg','/media/media/profile/llqzldffhqtxovxvkfhucofmpvknor.png'),(2,'',NULL,0,'bazar8899','','','',0,1,'2019-06-26 06:11:35.046383',1998,1,'nj2k3h493n420t832norjfg',''),(6,'',NULL,0,'bazar8899','','','',0,1,'2019-06-26 08:01:37.136242',1998,1,'nj2k3h493n420t832norjfg',''),(7,'',NULL,0,'bazar8899','','','',0,1,'2019-06-26 08:03:51.900451',1998,1,'nj2k3h493n420t832norjfg',''),(8,'',NULL,0,'bazar8899','','','',0,1,'2019-06-26 08:05:01.288993',1998,1,'nj2k3h493n420t832norjfg',''),(9,'',NULL,0,'bazar8899','','','',0,1,'2019-06-26 08:20:58.881853',1998,1,'nj2k3h493n420t832norjfg',''),(10,'',NULL,0,'bazar8899','','','',0,1,'2019-06-26 08:42:13.637782',1998,1,'nj2k3h493n420t832norjfg',''),(11,'',NULL,0,'bazar8899','','','',0,1,'2019-06-26 09:00:56.715865',1998,1,'nj2k3h493n420t832norjfg1',''),(12,'',NULL,0,'Burentugs','','','',0,1,'2019-06-26 09:02:35.175895',1998,1,'nj2k3h493n420t832norjfg2',''),(13,'',NULL,0,'turuu','Turbat','Turuu','',0,1,'2019-07-02 08:54:59.166481',1989,1,'1231231',''),(14,'',NULL,0,'bazar8899','','','',0,1,'2019-07-02 08:58:35.275437',1998,1,'nj2k3h493n420t832norjyujfg1',''),(15,'',NULL,0,'Burentugs','','','',0,1,'2019-07-05 11:09:59.048921',1998,1,'100000200000300000',''),(16,'',NULL,0,'Oyu','','','',0,1,'2019-07-25 08:14:16.915755',20088,1,'100000200000300012',''),(17,'',NULL,0,'Oyu','','','',0,1,'2019-07-25 08:15:10.923398',20088,1,'880909012930123',''),(18,'',NULL,0,'Oyu','','','',0,1,'2019-07-25 08:16:08.969511',20088,1,'880909012930121',''),(19,'',NULL,0,'Oyu','','','',0,1,'2019-07-25 08:19:10.923173',20088,1,'8809090129301201',''),(20,'',NULL,0,'Oyu','','','',0,1,'2019-07-25 08:20:03.660189',20088,1,'88090901293012211',''),(31,'!EF0foEiUTHSyzSafSgwEcR0vdAcsTLyv5UCUpVcy',NULL,1,'battulga1','','','bazar8899@yahoo.com',0,1,'2019-07-26 02:38:03.657056',0,0,'',''),(33,'!YxkTy7lJ6Yw9w2H4ecZTH4YtHXylnkCXsj6NQ1Sx',NULL,0,'battulga2','','','',0,1,'2019-07-26 02:44:57.220852',0,0,'',''),(34,'!2GE2rlpXxCThYIppy2CCOAjg7dYww2SkFkBXQ0uE',NULL,0,'battulga22','','','',0,1,'2019-07-26 02:46:36.991497',0,0,'',''),(35,'!rNMR1LEppR7f37wtPW1zEfgpaKzHxhq1pQIZjE4a',NULL,0,'battulga22','','','',0,1,'2019-07-26 02:47:06.106514',0,0,'',''),(36,'',NULL,0,'Oyu','','','',0,1,'2019-07-30 15:55:22.300941',20088,1,'1288090901293012211',''),(37,'',NULL,0,'Oyu','','','',0,1,'2019-07-30 15:56:58.773161',20088,1,'89999202002',''),(38,'',NULL,0,'Oyu','','','',0,1,'2019-07-30 15:58:00.470108',20088,1,'899992020021',''),(39,'',NULL,0,'Oyu','','','',0,1,'2019-07-30 16:01:15.441345',20088,1,'8999920200210',''),(40,'',NULL,0,'Oyu','','','',0,1,'2019-07-30 16:02:18.335679',20088,1,'89999202002101',''),(41,'',NULL,0,'Oyu','','','',0,1,'2019-07-30 16:03:15.759126',20088,1,'8999920200210112',''),(42,'',NULL,0,'Oyu','','','',0,1,'2019-07-30 16:05:25.379313',20088,1,'899992020021011',''),(43,'',NULL,0,'Oyu','','','',0,1,'2019-07-30 16:06:17.656912',20088,1,'8999920200000000',''),(44,'',NULL,0,'Oyu','','','',0,1,'2019-07-30 16:08:09.830160',20088,1,'89999202000000001',''),(45,'',NULL,0,'Oyu','','','',0,1,'2019-07-30 16:09:22.447382',20088,1,'89999202000000002',''),(46,'w3iyHpevXXzpc',NULL,1,'lifehack_user','','','',1,1,'2019-07-30 16:16:45.915362',20088,1,'89999202000000003',''),(47,'FDhxzwv91R2TQ',NULL,0,'lifehack_user','','','',0,1,'2019-07-30 16:23:46.563174',20088,1,'89999202000000004',''),(48,'IoBgA8ngcz1i6',NULL,0,'lifehack_user','','','',0,1,'2019-07-30 16:25:40.338227',20088,1,'899992020000000041',''),(49,'0iR5NKAxppXYA',NULL,1,'8999920200000001041','','','',1,1,'2019-07-30 16:26:47.437300',20088,1,'8999920200000001041',''),(50,'pbkdf2_sha256$150000$FXLx75yque61$1fYO2x80njxw5qJzPfxt9q+U7cuKcl+jPrk83p9eLSI=',NULL,0,'89999202000101041','','','',0,1,'2019-07-30 16:29:45.990410',20088,1,'89999202000101041',''),(51,'pbkdf2_sha256$150000$eDtVmOUUWCSK$FMFG3bQrmAejAgeX/BKxKofJ0LjipQSQB02j1Ee9Ipw=',NULL,1,'89792020101041','','','',1,1,'2019-07-30 16:32:44.218433',20088,1,'89792020101041',''),(52,'pbkdf2_sha256$150000$54uFTHgiu04X$BDpqoa3GAaHsko6qVuHSRDAoFdJxRnkpbOua5qVacgE=',NULL,0,'8972020101041','','','',0,1,'2019-07-30 16:45:27.948031',2008,1,'8972020101041','');
/*!40000 ALTER TABLE `user_lhuser` ENABLE KEYS */;
UNLOCK TABLES;

--
-- Table structure for table `user_lhuser_groups`
--

DROP TABLE IF EXISTS `user_lhuser_groups`;
/*!40101 SET @saved_cs_client     = @@character_set_client */;
 SET character_set_client = utf8mb4 ;
CREATE TABLE `user_lhuser_groups` (
  `id` int(11) NOT NULL AUTO_INCREMENT,
  `lhuser_id` int(11) NOT NULL,
  `group_id` int(11) NOT NULL,
  PRIMARY KEY (`id`),
  UNIQUE KEY `user_lhuser_groups_lhuser_id_group_id_3a5b2611_uniq` (`lhuser_id`,`group_id`),
  KEY `user_lhuser_groups_group_id_00474167_fk_auth_group_id` (`group_id`),
  CONSTRAINT `user_lhuser_groups_group_id_00474167_fk_auth_group_id` FOREIGN KEY (`group_id`) REFERENCES `auth_group` (`id`),
  CONSTRAINT `user_lhuser_groups_lhuser_id_3947e0fe_fk_user_lhuser_id` FOREIGN KEY (`lhuser_id`) REFERENCES `user_lhuser` (`id`)
) ENGINE=InnoDB DEFAULT CHARSET=utf8mb4;
/*!40101 SET character_set_client = @saved_cs_client */;

--
-- Dumping data for table `user_lhuser_groups`
--

LOCK TABLES `user_lhuser_groups` WRITE;
/*!40000 ALTER TABLE `user_lhuser_groups` DISABLE KEYS */;
/*!40000 ALTER TABLE `user_lhuser_groups` ENABLE KEYS */;
UNLOCK TABLES;

--
-- Table structure for table `user_lhuser_user_permissions`
--

DROP TABLE IF EXISTS `user_lhuser_user_permissions`;
/*!40101 SET @saved_cs_client     = @@character_set_client */;
 SET character_set_client = utf8mb4 ;
CREATE TABLE `user_lhuser_user_permissions` (
  `id` int(11) NOT NULL AUTO_INCREMENT,
  `lhuser_id` int(11) NOT NULL,
  `permission_id` int(11) NOT NULL,
  PRIMARY KEY (`id`),
  UNIQUE KEY `user_lhuser_user_permiss_lhuser_id_permission_id_6d26dd59_uniq` (`lhuser_id`,`permission_id`),
  KEY `user_lhuser_user_per_permission_id_bc03848e_fk_auth_perm` (`permission_id`),
  CONSTRAINT `user_lhuser_user_per_lhuser_id_16db651f_fk_user_lhus` FOREIGN KEY (`lhuser_id`) REFERENCES `user_lhuser` (`id`),
  CONSTRAINT `user_lhuser_user_per_permission_id_bc03848e_fk_auth_perm` FOREIGN KEY (`permission_id`) REFERENCES `auth_permission` (`id`)
) ENGINE=InnoDB DEFAULT CHARSET=utf8mb4;
/*!40101 SET character_set_client = @saved_cs_client */;

--
-- Dumping data for table `user_lhuser_user_permissions`
--

LOCK TABLES `user_lhuser_user_permissions` WRITE;
/*!40000 ALTER TABLE `user_lhuser_user_permissions` DISABLE KEYS */;
/*!40000 ALTER TABLE `user_lhuser_user_permissions` ENABLE KEYS */;
UNLOCK TABLES;
/*!40103 SET TIME_ZONE=@OLD_TIME_ZONE */;

/*!40101 SET SQL_MODE=@OLD_SQL_MODE */;
/*!40014 SET FOREIGN_KEY_CHECKS=@OLD_FOREIGN_KEY_CHECKS */;
/*!40014 SET UNIQUE_CHECKS=@OLD_UNIQUE_CHECKS */;
/*!40101 SET CHARACTER_SET_CLIENT=@OLD_CHARACTER_SET_CLIENT */;
/*!40101 SET CHARACTER_SET_RESULTS=@OLD_CHARACTER_SET_RESULTS */;
/*!40101 SET COLLATION_CONNECTION=@OLD_COLLATION_CONNECTION */;
/*!40111 SET SQL_NOTES=@OLD_SQL_NOTES */;

-- Dump completed on 2019-08-20 22:59:31
